PLAYER,POS,GROUP,STATUS,FCHL TEAM,NHL TEAM,AGE,SALARY,BID,PTS
Nikita Kucherov,F,3,START,LGN,TBL,31,8.5,0,144
Nathan MacKinnon,F,3,START,MAC,COL,29,8.5,0,140
Connor McDavid,F,RFA2,,RFA,EDM,27,11.4,0,132
Artemi Panarin,F,3,,UFA,NYR,32,7.3,0,120
David Pastrnak,F,3,START,SHF,BOS,28,6.7,0,110
Auston Matthews,F,2,START,HSM,TOR,26,6.5,0,107
Leon Draisaitl,F,3,START,LPT,EDM,28,11.4,0,106
Mikko Rantanen,F,2,START,GVR,COL,27,6.4,0,104
J.T. Miller,F,3,,UFA,VAN,31,5,0,103
William Nylander,F,3,START,SRL,TOR,28,5.2,0,98
Kirill Kaprizov,F,2,START,LPT,MIN,27,6.9,0,96
Sam Reinhart,F,3,START,VPP,FLA,28,3.6,0,94
Filip Forsberg,F,3,,UFA,NSH,30,2.1,0,94
Sidney Crosby,F,3,,UFA,PIT,37,6.2,0,94
Quinn Hughes,D,2,START,SRL,VAN,24,5.2,0,92
Cale Makar,D,2,START,LGN,COL,25,8,0,90
Brayden Point,F,3,START,SRL,TBL,28,6.8,0,90
Sebastian Aho,F,3,,UFA,CAR,27,5.6,0,89
Elias Pettersson,F,2,START,HSM,VAN,25,3.1,0,89
Matthew Tkachuk,F,3,START,VPP,FLA,26,5,0,88
Robert Thomas,F,2,START,ZSK,STL,25,3.3,0,86
Roman Josi,D,3,,UFA,NSH,34,4.5,0,85
Mitch Marner,F,RFA2,,RFA,TOR,27,6.4,0,85
Sergei Bobrovsky,G,3,,UFA,FLA,35,2.8,0,83
Jesper Bratt,F,3,START,SHF,NJD,26,4.2,0,83
Thatcher Demko,G,3,START,LGN,VAN,28,3,0,83
Evan Bouchard,D,C,START,GVR,EDM,24,2,0,82
Steven Stamkos,F,3,,UFA,TBL,34,4.9,0,81
Alexandar Georgiev,G,3,START,HSM,COL,28,4.7,0,80
Jason Robertson,F,RFA1,,RFA,DAL,25,1.7,0,80
Aleksander Barkov,F,RFA2,,RFA,FLA,29,5.4,0,80
Mathew Barzal,F,RFA2,,RFA,NYI,27,4.9,0,80
Connor Hellebuyck,G,3,START,HSM,WPG,31,7.1,0,80
Zach Hyman,F,3,,UFA,EDM,32,1.9,0,77
Nick Suzuki,F,2,START,ZSK,MTL,25,3,0,77
Vincent Trocheck,F,3,,UFA,NYR,31,1.4,0,77
Igor Shesterkin,G,RFA2,,RFA,NYR,28,4,0,77
Jake Guentzel,F,3,,UFA,CAR,29,5.7,0,77
Clayton Keller,F,2,START,BOT,UTH,26,2,0,76
Victor Hedman,D,3,,UFA,TBL,33,6.1,0,76
Nazem Kadri,F,3,,UFA,CGY,33,3.6,0,75
Adrian Kempe,F,3,,UFA,LAK,28,1.3,0,75
Gustav Nyquist,F,3,,UFA,NSH,35,2.1,0,75
Juuse Saros,G,3,START,ZSK,NSH,29,2.4,0,75
Chris Kreider,F,3,,UFA,NYR,33,1.1,0,75
Brandon Hagel,F,3,START,MAC,TBL,26,1,0,75
Stuart Skinner,G,RFA1,,RFA,EDM,25,1.2,0,74
Jack Hughes,F,C,START,HSM,NJD,23,2.5,0,74
Brady Tkachuk,F,2,START,VPP,OTT,24,3,0,74
Jake Oettinger,G,RFA1,,RFA,DAL,25,1.4,0,73
Kevin Fiala,F,3,,UFA,LAK,28,3.8,0,73
Adam Fox,D,2,START,ZSK,NYR,26,5,0,73
Brock Boeser,F,RFA2,,RFA,VAN,27,1.4,0,73
Lucas Raymond,F,RFA1,,RFA,DET,22,1.6,0,72
Carter Verhaeghe,F,3,,UFA,FLA,29,3.1,0,72
Mika Zibanejad,F,3,,UFA,NYR,31,6,0,72
Mark Scheifele,F,3,,UFA,WPG,31,2.8,0,72
Anze Kopitar,F,3,,UFA,LAK,37,2.6,0,70
Noah Dobson,D,C,START,HSM,NYI,24,1.4,0,70
Tim Stutzle,F,B,START,BOT,OTT,22,2.5,0,70
Dylan Larkin,F,2,START,JHN,DET,28,2.4,0,69
Ryan O'Reilly,F,3,,UFA,NSH,33,0.5,0,69
Brock Nelson,F,3,,UFA,NYI,32,2.1,0,69
Jonathan Marchessault,F,3,,UFA,VGK,33,2.6,0,69
Josh Morrissey,D,3,START,ZSK,WPG,29,4.8,0,69
Matt Boldy,F,C,START,GVR,MIN,23,1.4,0,68
Bo Horvat,F,3,,UFA,NYI,29,1.8,0,68
Travis Konecny,F,3,START,BOT,PHI,27,2.8,0,68
Jack Eichel,F,2,START,SRL,VGK,27,6.6,0,68
Brad Marchand,F,3,,UFA,BOS,36,3.6,0,67
Ukko-Pekka Luukkonen,G,RFA1,,RFA,BUF,25,0.5,0,67
Seth Jarvis,F,C,START,GVR,CAR,22,1.7,0,67
Joe Pavelski,F,3,,UFA,DAL,40,3.7,0,67
Alex DeBrincat,F,2,START,LPT,DET,26,3.2,0,67
Ryan Nugent-Hopkins,F,3,START,ZSK,EDM,31,4.5,0,67
Nico Hischier,F,RFA1,,RFA,NJD,25,2.5,0,67
Evgeni Malkin,F,3,,UFA,PIT,38,3.5,0,67
Jordan Kyrou,F,2,START,JHN,STL,26,4,0,67
Dylan Strome,F,2,START,JHN,WSH,27,0.9,0,67
Drake Batherson,F,2,START,BOT,OTT,26,1.7,0,66
Roope Hintz,F,3,START,ZSK,DAL,27,4.5,0,65
Wyatt Johnston,F,A,MINOR,GVR,DAL,21,0.7,0,65
Matt Duchene,F,3,,UFA,DAL,33,0.9,0,65
Cole Caufield,F,2,START,BOT,MTL,23,3,0,65
John Tavares,F,3,,UFA,TOR,33,4.3,0,65
Alex Ovechkin,F,3,,UFA,WSH,38,4.2,0,65
Connor Ingram,G,3,MINOR,BOT,UTH,27,0.5,0,64
Joel Eriksson Ek,F,3,,UFA,MIN,27,1.6,0,64
Claude Giroux,F,3,,UFA,OTT,36,2.5,0,64
Andrei Vasilevskiy,G,3,,UFA,TBL,30,8.6,0,64
Mats Zuccarello,F,3,,UFA,MIN,37,2.4,0,63
Pavel Buchnevich,F,3,START,ZSK,STL,29,2.4,0,63
Jordan Binnington,G,3,,UFA,STL,31,3.5,0,63
Mike Matheson,D,3,,UFA,MTL,30,1.2,0,62
Jared McCann,F,3,,UFA,SEA,28,3,0,62
Nick Schmaltz,F,3,,UFA,UTH,28,1,0,61
Connor Bedard,F,A,MINOR,LGN,CHI,19,0.9,0,61
Kyle Connor,F,2,START,HSM,WPG,27,4.5,0,61
Nikolaj Ehlers,F,3,,UFA,WPG,28,2.1,0,61
Frank Vatrano,F,3,,UFA,ANA,30,1,0,60
Charlie Coyle,F,3,,UFA,BOS,32,1.5,0,60
Johnny Gaudreau,F,3,,UFA,CBJ,31,4.5,0,60
Jamie Benn,F,3,,UFA,DAL,35,1.8,0,60
Mikael Granlund,F,3,,UFA,SJS,32,0.9,0,60
William Karlsson,F,3,START,HSM,VGK,31,1.1,0,60
Pavel Zacha,F,3,START,VPP,BOS,27,1.3,0,59
Jeremy Swayman,G,3,START,GVR,BOS,25,1.4,0,59
Alex Tuch,F,RFA2,,RFA,BUF,28,0.8,0,59
Rasmus Dahlin,D,3,START,SHF,BUF,24,5.6,0,59
Yegor Sharangovich,F,3,,UFA,CGY,26,0.7,0,59
Cam Talbot,G,3,,UFA,LAK,37,1.9,0,59
Sean Monahan,F,3,,UFA,WPG,29,1,0,59
Oliver Bjorkstrand,F,3,START,SHF,SEA,29,0.5,0,59
Morgan Rielly,D,3,START,MAC,TOR,30,3.2,0,58
Matias Maccelli,F,3,START,ZSK,UTH,23,0.5,0,57
Casey Mittelstadt,F,RFA1,,RFA,COL,25,1.8,0,57
Zach Werenski,D,3,,UFA,CBJ,27,1.9,0,57
Trevor Moore,F,3,,UFA,LAK,29,1,0,57
Alexis Lafreniere,F,A,START,GVR,NYR,22,0.9,0,57
Charlie Lindgren,G,3,,UFA,WSH,30,0.5,0,57
Tage Thompson,F,2,START,VPP,BUF,26,6,0,56
Jonathan Drouin,F,3,,UFA,COL,29,0.5,0,56
Shayne Gostisbehere,D,3,,UFA,DET,31,0.9,0,56
Bryan Rust,F,3,,UFA,PIT,32,0.7,0,56
Erik Karlsson,D,3,,UFA,PIT,34,6.4,0,56
Tristan Jarry,G,3,,UFA,PIT,29,3.3,0,56
Michael Bunting,F,3,,UFA,PIT,28,1.1,0,55
Quinton Byfield,F,A,START,GVR,LAK,22,0.9,0,55
Tyler Toffoli,F,3,,UFA,WPG,32,2,0,55
Vladimir Tarasenko,F,3,,UFA,FLA,32,1.2,0,55
Troy Terry,F,2,START,JHN,ANA,27,1.6,0,54
Blake Coleman,F,3,,UFA,CGY,32,0.6,0,54
Pyotr Kochetkov,G,D,MINOR,BOT,CAR,25,1.2,0,54
Philipp Kurashev,F,3,,UFA,CHI,24,1.3,0,54
Miro Heiskanen,D,RFA2,,RFA,DAL,25,2.8,0,54
Kyle Palmieri,F,3,,UFA,NYI,33,0.5,0,54
Ilya Sorokin,G,3,,UFA,NYI,29,6.5,0,54
Teuvo Teravainen,F,3,,UFA,CAR,30,4.1,0,53
Martin Necas,F,RFA1,,RFA,CAR,25,2.3,0,53
Valeri Nichushkin,F,3,START,VPP,COL,29,1.8,0,53
Mason Marchment,F,3,,UFA,DAL,29,2.1,0,53
Owen Tippett,F,RFA1,,RFA,PHI,25,0.6,0,53
Ilya Samsonov,G,3,START,BOT,TOR,27,3.2,0,53
Mark Stone,F,3,,UFA,VGK,32,1.2,0,53
Jonathan Huberdeau,F,3,START,JHN,CGY,31,6,0,52
MacKenzie Weegar,D,3,,UFA,CGY,30,2.2,0,52
Jacob Markstrom,G,3,,UFA,CGY,34,2.2,0,52
Andrei Svechnikov,F,3,START,SHF,CAR,24,3.8,0,52
Tyler Seguin,F,3,,UFA,DAL,32,0.9,0,52
Timo Meier,F,2,START,LPT,NJD,27,3.2,0,52
John Carlson,D,3,,UFA,WSH,34,3.1,0,52
Adam Henrique,F,3,,UFA,EDM,34,2.1,0,51
Samuel Ersson,G,3,MINOR,BOT,PHI,24,0.5,0,51
Kris Letang,D,3,,UFA,PIT,37,1.9,0,51
Chandler Stephenson,F,3,START,BOT,VGK,30,1.9,0,51
JJ Peterka,F,A,MINOR,SRL,BUF,22,0.5,0,50
Devon Toews,D,3,,UFA,COL,30,2.3,0,50
Drew Doughty,D,3,,UFA,LAK,34,1.9,0,50
Juraj Slafkovsky,F,A,MINOR,ZSK,MTL,20,0.9,0,50
Joel Farabee,F,C,MINOR,ZSK,PHI,24,0.8,0,50
Logan Thompson,G,3,,UFA,VGK,27,0.5,0,49
Linus Ullmark,G,3,,UFA,BOS,31,6.5,0,48
J.T. Compher,F,3,,UFA,DET,29,0.6,0,48
Filip Hronek,D,3,,UFA,VAN,26,0.6,0,48
Charlie McAvoy,D,3,START,SHF,BOS,26,2.9,0,47
Dylan Cozens,F,B,START,JHN,BUF,23,0.6,0,47
Noah Hanifin,D,3,,UFA,VGK,27,0.7,0,47
Brady Skjei,D,3,,UFA,CAR,30,0.5,0,47
Thomas Harley,D,B,START,MAC,DAL,23,1.2,0,47
David Perron,F,3,,UFA,DET,36,1,0,47
Phillip Danault,F,3,,UFA,LAK,31,0.7,0,47
Brock Faber,D,B,START,LPT,MIN,22,1.2,0,47
Filip Gustavsson,G,2,START,LPT,MIN,26,3.2,0,47
Luke Hughes,D,A,MINOR,VPP,NJD,21,0.5,0,47
Max Domi,F,3,,UFA,TOR,29,0.9,0,47
Conor Garland,F,3,,UFA,VAN,28,0.5,0,47
Patrick Kane,F,3,START,SHF,DET,35,1,0,47
Jeff Skinner,F,3,,UFA,BUF,32,2.3,0,46
Alex Lyon,G,3,,UFA,DET,31,0,0,46
Vince Dunn,D,3,START,LGN,SEA,27,3.4,0,46
Brayden Schenn,F,3,,UFA,STL,33,1.3,0,46
Nicholas Paul,F,3,,UFA,TBL,29,0,0,46
Andrei Kuzmenko,F,3,,UFA,CGY,28,0.5,0,46
Nick Bjugstad,F,3,,UFA,UTH,32,1.1,0,45
Mattias Ekholm,D,3,,UFA,EDM,34,0.9,0,45
Ryan Hartman,F,3,,UFA,MIN,29,0.7,0,45
Tommy Novak,F,3,,UFA,NSH,27,0.8,0,45
William Eklund,F,A,MINOR,LGN,SJS,21,0.9,0,45
Joey Daccord,G,3,,UFA,SEA,28,0,0,45
Anthony Cirelli,F,3,,UFA,TBL,27,0.6,0,45
Ivan Barbashev,F,3,,UFA,VGK,28,0.9,0,45
Logan Cooley,F,A,MINOR,SRL,UTH,20,0.9,0,44
Elias Lindholm,F,3,,UFA,VAN,29,3.3,0,44
Evander Kane,F,3,START,BOT,EDM,33,1.1,0,44
Travis Sanheim,D,3,,UFA,PHI,28,0.8,0,44
Fabian Zetterlund,F,3,,UFA,SJS,25,0,0,44
Jordan Eberle,F,3,,UFA,SEA,34,0.8,0,44
Anthony Mantha,F,3,,UFA,VGK,29,0.5,0,44
Brent Burns,D,3,,UFA,CAR,39,2.8,0,43
Daniel Sprong,F,3,,UFA,DET,27,0,0,43
Tyler Bertuzzi,F,3,,UFA,TOR,29,1.5,0,43
Mason McTavish,F,A,MINOR,LPT,ANA,21,0.5,0,42
Lawson Crouse,F,3,,UFA,UTH,27,0.5,0,42
Kirill Marchenko,F,C,MINOR,SRL,CBJ,24,0.5,0,42
Moritz Seider,D,B,START,HSM,DET,23,1.2,0,42
Jonathan Quick,G,3,,UFA,NYR,38,1.5,0,42
Anthony Duclair,F,RFA2,,RFA,TBL,29,0.5,0,42
Brandon Saad,F,3,,UFA,STL,31,0.5,0,42
Shea Theodore,D,3,,UFA,VGK,29,3.2,0,42
Adin Hill,G,3,START,SRL,VGK,28,1,0,42
Ryan Strome,F,3,,UFA,ANA,31,0.7,0,41
Sean Durzi,D,3,START,VPP,UTH,25,0.8,0,41
Warren Foegele,F,3,,UFA,EDM,28,0,0,41
Sam Bennett,F,3,,UFA,FLA,28,2,0,41
Jakob Chychrun,D,3,,UFA,OTT,26,0.5,0,41
Morgan Frost,F,3,,UFA,PHI,25,0.6,0,41
Eeli Tolvanen,F,3,,UFA,SEA,25,0.9,0,41
Nicolas Roy,F,3,,UFA,VGK,27,0.5,0,41
Trent Frederic,F,3,,UFA,BOS,26,0,0,40
Jake DeBrusk,F,3,,UFA,BOS,27,0.7,0,40
Andrew Mangiapane,F,3,,UFA,CGY,28,0.8,0,40
Ross Colton,F,3,,UFA,COL,28,1,0,40
Pierre-Luc Dubois,F,3,,UFA,LAK,26,2.5,0,40
Marco Rossi,F,A,MINOR,GVR,MIN,22,0.8,0,40
Marc-Andre Fleury,G,3,,UFA,MIN,39,0.5,0,40
Joonas Korpisalo,G,3,,UFA,OTT,30,0.9,0,40
Reilly Smith,F,3,,UFA,PIT,33,1.1,0,40
Cam Fowler,D,3,,UFA,ANA,32,1.2,0,39
Morgan Geekie,F,3,,UFA,BOS,26,0,0,39
Mikael Backlund,F,3,,UFA,CGY,35,0.5,0,39
Rasmus Andersson,D,3,START,JHN,CGY,27,2.1,0,39
Petr Mrazek,G,3,,UFA,CHI,32,1.1,0,39
Evan Rodrigues,F,3,,UFA,FLA,31,0.5,0,39
Gustav Forsling,D,3,,UFA,FLA,28,1,0,39
Luke Evangelista,F,3,START,JHN,NSH,22,0.5,0,39
Scott Laughton,F,3,,UFA,PHI,30,0,0,39
Torey Krug,D,3,,UFA,STL,33,1.1,0,39
James van Riemsdyk,F,3,,UFA,BOS,35,0.5,0,38
Jake Sanderson,D,B,MINOR,SRL,OTT,22,0.6,0,38
Sean Couturier,F,3,,UFA,PHI,31,0.6,0,38
Jake Neighbours,F,A,MINOR,LPT,STL,22,0.5,0,38
Cole Perfetti,F,A,MINOR,GVR,WPG,22,0.8,0,38
Tomas Hertl,F,3,,UFA,VGK,30,1.4,0,38
Stefan Noesen,F,3,,UFA,CAR,31,0,0,37
Jaccob Slavin,D,3,,UFA,CAR,30,1.4,0,37
Nick Foligno,F,3,,UFA,CHI,36,0.6,0,37
Anders Lee,F,3,,UFA,NYI,34,0.5,0,37
Rickard Rakell,F,3,,UFA,PIT,31,0.9,0,37
Matty Beniers,F,A,MINOR,LGN,SEA,21,0.9,0,37
Vladislav Namestnikov,F,3,,UFA,WPG,31,0.5,0,37
Alex Killorn,F,3,,UFA,ANA,35,0.6,0,36
Nils Hoglander,F,B,START,HSM,VAN,23,0.5,0,36
Gabriel Vilardi,F,RFA1,,RFA,WPG,25,0.5,0,36
Mason Appleton,F,3,,UFA,WPG,28,0,0,36
Danton Heinen,F,3,,UFA,BOS,29,0,0,36
Dylan Guenther,F,A,MINOR,LPT,UTH,21,0.8,0,35
Jason Dickinson,F,3,,UFA,CHI,29,0,0,35
Boone Jenner,F,3,,UFA,CBJ,31,0.5,0,35
Anton Lundell,F,A,MINOR,LGN,FLA,22,0.7,0,35
Colton Sissons,F,3,,UFA,NSH,30,0,0,35
Erik Haula,F,3,,UFA,NJD,33,0.6,0,35
Mathieu Joseph,F,3,,UFA,OTT,27,0,0,35
Alex Nedeljkovic,G,3,,UFA,PIT,28,0,0,35
Matthew Knies,F,A,MINOR,LPT,TOR,21,0.5,0,35
Tom Wilson,F,3,,UFA,WSH,30,0.6,0,35
Adam Lowry,F,3,,UFA,WPG,31,0,0,35
Connor Zary,F,A,MINOR,SRL,CGY,22,0.5,0,34
Artturi Lehkonen,F,3,,UFA,COL,29,0.5,0,34
Dmitri Voronkov,F,3,,UFA,CBJ,24,0,0,34
Alex Newhook,F,C,MINOR,BOT,MTL,23,0.5,0,34
Vitek Vanecek,G,3,,UFA,SJS,28,5.5,0,34
Nino Niederreiter,F,3,,UFA,WPG,32,0.5,0,34
Owen Power,D,A,MINOR,LGN,BUF,21,0.9,0,33
Frederik Andersen,G,3,,UFA,CAR,34,1.6,0,33
Michael Rasmussen,F,3,,UFA,DET,25,0.5,0,33
Andrew Copp,F,3,,UFA,DET,30,1.4,0,33
Brandon Montour,D,3,START,ZSK,FLA,30,1.2,0,33
David Rittich,G,3,,UFA,LAK,32,0.5,0,33
Dawson Mercer,F,B,MINOR,SRL,NJD,22,0.5,0,33
Jean-Gabriel Pageau,F,3,,UFA,NYI,31,0.5,0,33
Tyson Foerster,F,A,MINOR,LGN,PHI,22,0.5,0,33
Yanni Gourde,F,3,,UFA,SEA,32,0.7,0,33
Darren Raddysh,D,3,,UFA,TBL,28,0.5,0,33
Alex Pietrangelo,D,3,,UFA,VGK,34,2.6,0,33
Connor McMichael,F,B,MINOR,SHF,WSH,23,0.5,0,33
Neal Pionk,D,3,,UFA,WPG,29,0.7,0,33
Jason Zucker,F,3,,UFA,NSH,32,0.5,0,32
Jordan Martinook,F,3,,UFA,CAR,32,0.7,0,32
Cole Sillinger,F,A,MINOR,LPT,CBJ,21,0.5,0,32
Ivan Provorov,D,3,,UFA,CBJ,27,0.7,0,32
Scott Wedgewood,G,3,,UFA,DAL,32,0,0,32
Robby Fabbri,F,3,,UFA,DET,28,1.5,0,32
Darnell Nurse,D,3,,UFA,EDM,29,1.7,0,32
Oliver Ekman0Larsson,D,3,,UFA,FLA,33,0.5,0,32
Ryan McDonagh,D,3,,UFA,NSH,35,0.6,0,32
Anton Forsberg,G,3,,UFA,OTT,31,0,0,32
Dakota Joshua,F,3,,UFA,VAN,28,0,0,32
Laurent Brossoit,G,3,,UFA,WPG,31,0,0,32
Lukas Dostal,G,C,MINOR,ZSK,ANA,24,0.5,0,31
Tyler Johnson,F,3,,UFA,CHI,34,0.5,0,31
Seth Jones,D,3,,UFA,CHI,29,1.9,0,31
Jack Roslovic,F,3,,UFA,NYR,27,1.1,0,31
Anthony Stolarz,G,3,,UFA,FLA,30,0,0,31
Brendan Gallagher,F,3,,UFA,MTL,32,0.5,0,31
Ondrej Palat,F,3,,UFA,NJD,33,0.8,0,31
Semyon Varlamov,G,3,,UFA,NYI,36,0.5,0,31
Erik Gustafsson,D,3,,UFA,NYR,32,0.7,0,31
Lars Eller,F,3,,UFA,PIT,35,0.5,0,31
Ilya Mikheyev,F,3,,UFA,VAN,29,0.9,0,31
Dylan DeMelo,D,3,,UFA,WPG,31,0,0,31
Zach Benson,F,A,MINOR,ZSK,BUF,19,0.7,0,30
Jordan Staal,F,3,,UFA,CAR,36,0.7,0,30
Ryan Donato,F,3,,UFA,CHI,28,1,0,30
Alexandre Texier,F,3,,UFA,CBJ,25,0,0,30
Ryan McLeod,F,3,,UFA,EDM,24,0,0,30
Marcus Johansson,F,3,,UFA,MIN,33,1.2,0,30
Sam Montembeault,G,3,MINOR,BOT,MTL,27,0.5,0,30
K'Andre Miller,D,3,,UFA,NYR,24,1.1,0,30
Josh Norris,F,RFA1,,RFA,OTT,25,1.2,0,30
Thomas Chabot,D,2,START,BOT,OTT,27,3.2,0,30
Cam York,D,C,START,LPT,PHI,23,0.5,0,30
Marcus Pettersson,D,3,,UFA,PIT,28,0.8,0,30
Jaden Schwartz,F,3,,UFA,SEA,32,0.5,0,30
Alex Wennberg,F,3,,UFA,NYR,29,0,0,30
Justin Faulk,D,3,,UFA,STL,32,1.4,0,30
Jonas Johansson,G,3,,UFA,TBL,28,0,0,30
Leo Carlsson,F,A,MINOR,LGN,ANA,19,0.9,0,29
Michael Carcone,F,3,,UFA,UTH,28,0,0,29
Karel Vejmelka,G,3,,UFA,UTH,28,0,0,29
Bowen Byram,D,C,START,GVR,BUF,23,0.7,0,29
Yegor Chinakhov,F,B,MINOR,SRL,CBJ,23,0.5,0,29
Elvis Merzlikins,G,3,,UFA,CBJ,30,1.2,0,29
Sean Walker,D,3,,UFA,COL,29,0.6,0,29
Philipp Grubauer,G,3,,UFA,SEA,32,2.2,0,29
Kevin Hayes,F,3,,UFA,STL,32,0.5,0,29
Joel Hofer,G,C,MINOR,BOT,STL,24,0.5,0,29
Pius Suter,F,3,,UFA,VAN,28,0,0,29
Tyler Myers,D,3,,UFA,VAN,34,1.1,0,29
Aliaksei Protas,F,3,,UFA,WSH,23,0,0,29
Darcy Kuemper,G,3,,UFA,WSH,34,2.5,0,29
Pavel Mintyukov,D,A,MINOR,ZSK,ANA,20,0.5,0,28
Jordan Greenway,F,3,,UFA,BUF,27,0.6,0,28
Damon Severson,D,3,,UFA,CBJ,30,0.6,0,28
Joe Veleno,F,C,START,VPP,DET,24,0.5,0,28
Jake Evans,F,3,,UFA,MTL,28,0,0,28
Alexander Holtz,F,A,MINOR,LGN,NJD,22,0.7,0,28
Pierre Engvall,F,3,,UFA,NYI,28,0,0,28
Ryan Poehling,F,3,,UFA,PHI,25,0.5,0,28
Cam Atkinson,F,3,,UFA,PHI,35,0.5,0,28
Nick Leddy,D,3,,UFA,STL,33,1.2,0,28
Jake McCabe,D,3,,UFA,TOR,30,0,0,28
Martin Jones,G,3,,UFA,TOR,34,1.2,0,28
Teddy Blueger,F,3,,UFA,VAN,30,0,0,28
Jesperi Kotkaniemi,F,C,MINOR,GVR,CAR,24,0.5,0,27
Jack Drury,F,C,MINOR,BOT,CAR,24,0.5,0,27
Antti Raanta,G,3,,UFA,CAR,35,0.5,0,27
Adam Fantilli,F,A,MINOR,GVR,CBJ,19,0.9,0,27
Calvin Pickard,G,3,,UFA,EDM,32,0,0,27
Eetu LuostUTHnen,F,3,,UFA,FLA,26,0,0,27
Jonas Brodin,D,3,,UFA,MIN,31,0.5,0,27
Kiefer Sherwood,F,3,,UFA,NSH,29,0,0,27
Shane Pinto,F,3,START,LGN,OTT,23,0.6,0,27
Carter Hart,G,2,START,LPT,PHI,26,1,0,27
Nicholas Robertson,F,B,MINOR,GVR,TOR,23,0.5,0,27
Michael Amadio,F,3,,UFA,VGK,28,0,0,27
Alex Iafallo,F,3,,UFA,WPG,30,0.5,0,27
John Gibson,G,3,START,BOT,ANA,31,0.5,0,26
Jack McBain,F,3,,UFA,UTH,24,0,0,26
J.J. Moser,D,3,,UFA,UTH,24,0.5,0,26
Hampus Lindholm,D,3,START,VPP,BOS,30,1.5,0,26
Dmitry Orlov,D,3,,UFA,CAR,33,0.7,0,26
Miles Wood,F,3,,UFA,COL,29,0,0,26
Justin Danforth,F,3,,UFA,CBJ,31,0,0,26
Erik Gudbranson,D,3,,UFA,CBJ,32,0,0,26
Esa Lindell,D,3,,UFA,DAL,30,0.5,0,26
Jimmy Vesey,F,3,,UFA,NYR,31,0,0,26
Ridly Greig,F,3,,UFA,OTT,22,0,0,26
Mackenzie Blackwood,G,3,,UFA,SJS,27,0.6,0,26
Justin Schultz,D,3,,UFA,SEA,34,0.5,0,26
Colton Parayko,D,3,,UFA,STL,31,0.5,0,26
Brayden McNabb,D,3,,UFA,VGK,33,0,0,26
Josh Manson,D,3,,UFA,COL,32,0.7,0,25
Cody Ceci,D,3,,UFA,EDM,30,0.6,0,25
Matt Roy,D,3,,UFA,LAK,29,0,0,25
Jake Middleton,D,3,,UFA,MIN,28,0,0,25
Joel Armia,F,3,,UFA,MTL,31,0.6,0,25
Casey DeSmith,G,3,,UFA,VAN,33,0.5,0,25
Curtis Lazar,F,3,,UFA,NJD,29,0.5,0,25
John MUTHno,D,3,,UFA,NJD,27,0.5,0,25
Simon Holmstrom,F,3,,UFA,NYI,23,0,0,25
Artem Zub,D,3,,UFA,OTT,28,0,0,25
Will Borgen,D,3,,UFA,SEA,27,0,0,25
Michael Eyssimont,F,3,,UFA,TBL,28,0,0,25
Paul Cotter,F,3,,UFA,VGK,24,0,0,25
T.J. Oshie,F,3,,UFA,WSH,37,0.8,0,25
Kevin Shattenkirk,D,3,,UFA,BOS,35,0.5,0,24
Martin Pospisil,F,3,,UFA,CGY,24,0,0,24
Sam Steel,F,3,,UFA,DAL,26,0.8,0,24
Jeff Petry,D,3,,UFA,DET,36,0.5,0,24
James Reimer,G,3,,UFA,DET,36,0.6,0,24
Mike Reilly,D,3,,UFA,NYI,31,0.6,0,24
Jordan Spence,D,3,,UFA,LAK,23,0,0,24
David Savard,D,3,,UFA,MTL,33,0,0,24
Nick Perbix,D,3,,UFA,TBL,26,0,0,24
Bobby McMann,F,3,,UFA,TOR,28,0,0,24
Sam Lafferty,F,3,,UFA,TOR,29,0,0,24
Pavel Dorofeyev,F,3,START,SHF,VGK,23,0.5,0,24
Evgeny Kuznetsov,F,3,,UFA,CAR,32,0.8,0,24
Tomas Tatar,F,3,,UFA,SEA,33,0,0,24
Ryan Johansen,F,3,,UFA,PHI,32,2.2,0,23
Evgenii Dadonov,F,3,,UFA,DAL,35,0.5,0,23
Alex Laferriere,F,3,,UFA,LAK,22,0,0,23
Vladislav Gavrikov,D,3,,UFA,LAK,28,0.5,0,23
Cole Smith,F,3,,UFA,NSH,28,0,0,23
Kevin Lankinen,G,3,,UFA,NSH,29,1.3,0,23
Casey Cizikas,F,3,,UFA,NYI,33,0,0,23
Bobby Brink,F,B,MINOR,BOT,PHI,23,0.5,0,23
Mike Hoffman,F,3,,UFA,SJS,34,1.4,0,23
Filip Zadina,F,C,MINOR,VPP,SJS,24,0.9,0,23
Timothy Liljegren,D,RFA1,,RFA,TOR,25,0.5,0,23
Max Pacioretty,F,3,,UFA,WSH,35,0.5,0,23
Sonny Milano,F,3,,UFA,WSH,28,0,0,23
Rasmus Sandin,D,3,START,LGN,WSH,24,0.5,0,23
Brett Leason,F,3,,UFA,ANA,25,0,0,22
Kyle Okposo,F,3,,UFA,FLA,36,0.5,0,22
Jalen Chatfield,D,3,,UFA,CAR,28,0,0,22
Corey Perry,F,3,,UFA,EDM,39,0.5,0,22
Kaiden Guhle,D,3,,UFA,MTL,22,0.5,0,22
Jake Allen,G,3,,UFA,NJD,34,0.6,0,22
Cayden Primeau,G,D,MINOR,LPT,MTL,25,0.5,0,22
Michael McCarron,F,3,,UFA,NSH,29,0,0,22
Alexander Romanov,D,C,START,LGN,NYI,24,0.5,0,22
Jacob Trouba,D,3,,UFA,NYR,30,0.7,0,22
Kasperi Kapanen,F,3,,UFA,STL,28,0.9,0,22
Joseph Woll,G,E,MINOR,GVR,TOR,26,0.5,0,22
Nic Dowd,F,3,,UFA,WSH,34,0,0,22
Hendrix Lapierre,F,A,MINOR,SRL,WSH,22,0.5,0,22
Michael Kesselring,D,3,,UFA,UTH,24,0,0,21
Jake Walman,D,3,,UFA,DET,28,0,0,21
Marcus Foligno,F,3,,UFA,MIN,33,0,0,21
Will Cuylle,F,3,,UFA,NYR,22,0,0,21
Blake Wheeler,F,3,,UFA,NYR,38,1.8,0,21
Egor Zamula,D,3,,UFA,PHI,24,0,0,21
MUTHo Ferraro,D,3,,UFA,SJS,25,0,0,21
Alexey Toropchenko,F,3,,UFA,STL,25,0,0,21
Oskar Sundqvist,F,3,,UFA,STL,30,0,0,21
Calle Jarnkrok,F,3,,UFA,TOR,32,2.9,0,21
Beck Malenstyn,F,3,,UFA,WSH,26,0,0,21
Henri Jokiharju,D,3,,UFA,BUF,25,0,0,20
Devon Levi,G,A,MINOR,GVR,BUF,22,0.5,0,20
Nikita Zadorov,D,3,,UFA,VAN,29,0.5,0,20
Justus Annunen,G,C,MINOR,LPT,COL,24,0.5,0,20
Craig Smith,F,3,,UFA,DAL,35,0.6,0,20
Ben Chiarot,D,3,,UFA,DET,33,0.5,0,20
Dmitry Kulikov,D,3,,UFA,FLA,33,0,0,20
Josh Anderson,F,3,,UFA,MTL,30,0,0,20
Philip Tomasino,F,B,MINOR,BOT,NSH,23,0.5,0,20
Alexandre Carrier,D,3,,UFA,NSH,27,0.5,0,20
Erik Brannstrom,D,3,,UFA,OTT,25,0.7,0,20
Valtteri Puustinen,F,3,,UFA,PIT,25,0,0,20
Tye Kartye,F,3,,UFA,SEA,23,0,0,20
Brenden Dillon,D,3,,UFA,WPG,33,0,0,20
Jakob Silfverberg,F,3,,UFA,ANA,33,0.6,0,19
Jack Quinn,F,A,MINOR,VPP,BUF,22,0.6,0,19
Chris Tanev,D,3,,UFA,DAL,34,0,0,19
Jesper Fast,F,3,,UFA,CAR,32,0,0,19
Andrew Cogliano,F,3,,UFA,COL,37,0,0,19
Radek Faksa,F,3,,UFA,DAL,30,0.6,0,19
Nils Lundkvist,D,C,MINOR,SRL,DAL,24,0.5,0,19
Christian Fischer,F,3,,UFA,DET,27,0.5,0,19
Connor Dewar,F,3,,UFA,TOR,25,0,0,19
Michael McLeod,F,3,,UFA,NJD,26,0.5,0,19
Simon Nemec,D,A,MINOR,SRL,NJD,20,0.8,0,19
Cal Clutterbuck,F,3,,UFA,NYI,36,0,0,19
Ryan Pulock,D,3,,UFA,NYI,29,0.5,0,19
Kaapo Kakko,F,B,MINOR,GVR,NYR,23,0.9,0,19
Jonny Brodzinski,F,3,,UFA,NYR,31,0,0,19
Braden Schneider,D,3,,UFA,NYR,22,0,0,19
Jan Rutta,D,3,,UFA,SJS,34,0,0,19
Mikhail Sergachev,D,3,START,MAC,TBL,26,3,0,19
David Kampf,F,3,,UFA,TOR,29,0,0,19
Brett Howden,F,3,,UFA,VGK,26,0.5,0,19
Radko Gudas,D,3,,UFA,ANA,34,0,0,18
Connor Clifton,D,3,,UFA,BUF,29,0,0,18
Samuel Girard,D,3,,UFA,COL,26,1.1,0,18
Sean Kuraly,F,3,,UFA,CBJ,31,0,0,18
Olli Maatta,D,3,,UFA,DET,30,0.5,0,18
Ville Husso,G,3,START,JHN,DET,29,2.3,0,18
Aaron Ekblad,D,3,START,BOT,FLA,28,2.2,0,18
Mikey Anderson,D,3,,UFA,LAK,25,0,0,18
Nico Daws,G,3,,UFA,NJD,23,0,0,18
Parker Kelly,F,3,,UFA,OTT,25,0,0,18
Noah Cates,F,3,START,JHN,PHI,25,0.5,0,18
Luke Kunin,F,3,,UFA,SJS,26,0.5,0,18
Adam Larsson,D,3,,UFA,SEA,31,0.5,0,18
Keegan Kolesar,F,3,,UFA,VGK,27,0,0,18
Morgan Barron,F,3,,UFA,WPG,25,0,0,18
Dylan Samberg,D,3,,UFA,WPG,25,0,0,18
Jackson LaCombe,D,3,,UFA,ANA,23,0,0,17
Juuso Valimaki,D,3,START,JHN,UTH,25,0.5,0,17
Peyton Krebs,F,B,MINOR,BOT,BUF,23,0.5,0,17
Joey Anderson,F,3,,UFA,CHI,26,0,0,17
Ryan Suter,D,3,,UFA,DAL,39,0.7,0,17
Niko Mikkola,D,3,,UFA,FLA,28,0,0,17
Calen Addison,D,C,MINOR,BOT,SJS,24,0.8,0,17
Yakov Trenin,F,3,,UFA,COL,27,0,0,17
Ryan Lindgren,D,3,,UFA,NYR,26,0,0,17
Garnet Hathaway,F,3,,UFA,PHI,32,0,0,17
Kaapo Kahkonen,G,3,,UFA,NJD,28,0.5,0,17
Scott Perunovich,D,2,START,LPT,STL,26,0.6,0,17
Pontus Holmberg,F,3,,UFA,TOR,25,0,0,17
Anthony Beauvillier,F,3,,UFA,NSH,27,0.5,0,17
Alec Martinez,D,3,,UFA,VGK,37,1.1,0,17
Sam Carrick,F,3,,UFA,EDM,32,0,0,16
Dan Vladar,G,3,,UFA,CGY,27,0.5,0,16
Lukas Reichel,F,A,MINOR,BOT,CHI,22,0.5,0,16
Alex Vlasic,D,3,,UFA,CHI,23,0,0,16
Jack Johnson,D,3,,UFA,COL,37,0,0,16
Kent Johnson,F,A,MINOR,ZSK,CBJ,21,0.7,0,16
Emil Bemstrom,F,3,,UFA,PIT,25,0.5,0,16
Daniil Tarasov,G,D,MINOR,ZSK,CBJ,25,0.5,0,16
Brett Kulak,D,3,,UFA,EDM,30,0,0,16
Trevor Lewis,F,3,,UFA,LAK,37,0,0,16
Pat Maroon,F,3,,UFA,BOS,36,0,0,16
Dougie Hamilton,D,3,START,BOT,NJD,31,4.2,0,16
Adam Pelech,D,3,,UFA,NYI,30,0.5,0,16
Brandon Tanev,F,3,,UFA,SEA,32,0,0,16
Andre Burakovsky,F,3,,UFA,SEA,29,1,0,16
Kailer Yamamoto,F,3,,UFA,SEA,25,0.7,0,16
Brian Dumoulin,D,3,,UFA,SEA,33,0,0,16
Nicolas Aube0Kubel,F,3,,UFA,WSH,28,0,0,16
Martin Fehervary,D,3,,UFA,WSH,24,0,0,16
Trevor Zegras,F,C,MINOR,ZSK,ANA,23,2,0,15
Max Jones,F,3,,UFA,ANA,26,0,0,15
Matthew Poitras,F,3,,UFA,BOS,20,0,0,15
Victor Olofsson,F,3,,UFA,BUF,29,0.5,0,15
Kevin Korchinski,D,A,MINOR,GVR,CHI,20,0.5,0,15
Nick Cousins,F,3,,UFA,FLA,31,0,0,15
Kevin Stenlund,F,3,,UFA,FLA,27,0,0,15
Blake Lizotte,F,3,,UFA,LAK,26,0,0,15
Viktor Arvidsson,F,3,,UFA,LAK,31,1,0,15
Arthur Kaliyev,F,B,MINOR,GVR,LAK,23,0.5,0,15
Frederick Gaudreau,F,3,,UFA,MIN,31,0,0,15
Mark Jankowski,F,3,,UFA,NSH,30,0,0,15
Tyson Barrie,D,3,,UFA,NSH,33,1.7,0,15
Brendan Smith,D,3,,UFA,NJD,35,0,0,15
Dominik Kubalik,F,3,,UFA,OTT,29,1.8,0,15
Jeff Carter,F,3,,UFA,PIT,39,0.5,0,15
Alex Nylander,F,3,,UFA,CBJ,26,0.7,0,15
Jamie Oleksiak,D,3,,UFA,SEA,31,0,0,15
Conor Sheary,F,3,,UFA,TBL,32,0,0,15
Urho Vaakanainen,D,3,,UFA,ANA,25,0,0,14
Jesper Boqvist,F,3,,UFA,BOS,25,0,0,14
Brandon Carlo,D,3,,UFA,BOS,27,0,0,14
Zemgus Girgensons,F,3,,UFA,BUF,30,0.8,0,14
Taylor Raddysh,F,3,,UFA,CHI,26,0.5,0,14
Logan Stankoven,F,A,MINOR,LGN,DAL,21,0.6,0,14
Klim Kostin,F,3,,UFA,SJS,25,0.1,0,14
Jordan Harris,D,3,,UFA,MTL,24,0,0,14
Jeremy Lauzon,D,3,,UFA,NSH,27,0,0,14
Hudson Fasching,F,3,,UFA,NYI,29,0,0,14
Jacob Bernard-Docker,D,3,,UFA,OTT,24,0,0,14
Ryan Graves,D,3,,UFA,PIT,29,0.6,0,14
Tanner Jeannot,F,3,,UFA,TBL,27,0,0,14
Zach Bogosian,D,3,,UFA,MIN,34,0,0,14
Spencer Martin,G,3,,UFA,VAN,29,0,0,14
Zach Whitecloud,D,3,,UFA,VGK,27,0,0,14
Nick Jensen,D,3,,UFA,WSH,33,0,0,14
Trevor van Riemsdyk,D,3,,UFA,WSH,33,0,0,14
Nate Schmidt,D,3,,UFA,WPG,33,0.5,0,14
Mason Lohrei,D,3,,UFA,BOS,23,0,0,13
Brett Pesce,D,3,,UFA,CAR,29,0.5,0,13
Boris Katchouk,F,3,,UFA,OTT,26,0,0,13
Jake Bean,D,3,,UFA,CBJ,26,0.5,0,13
Brandon Duhaime,F,3,,UFA,COL,27,0,0,13
Johnathan Kovacevic,D,3,,UFA,MTL,27,0,0,13
Justin Barron,D,3,START,SHF,MTL,22,0.5,0,13
Cody Glass,F,3,,UFA,NSH,25,0.5,0,13
Dante Fabbro,D,3,,UFA,NSH,26,0.5,0,13
Nick Seeler,D,3,,UFA,PHI,31,0,0,13
Nico Sturm,F,3,,UFA,SJS,29,0,0,13
Alexander Barabanov,F,3,,UFA,SJS,30,0,0,13
Nathan Walker,F,3,,UFA,STL,30,0,0,13
Erik Cernak,D,3,,UFA,TBL,27,0,0,13
Tanner Pearson,F,3,,UFA,MTL,32,0.5,0,13
Matt Dumba,D,3,,UFA,TBL,30,0.6,0,12
A.J. Greer,F,3,,UFA,BOS,27,0,0,12
Colin Blackwell,F,3,,UFA,CHI,31,0,0,12
Mathieu Olivier,F,3,,UFA,CBJ,27,0,0,12
Jani Hakanpaa,D,3,,UFA,DAL,32,0,0,12
Mattias Janmark,F,3,,UFA,EDM,31,0.7,0,12
Connor Brown,F,3,,UFA,EDM,30,0.8,0,12
Derek Ryan,F,3,,UFA,EDM,37,0,0,12
Carl Grundstrom,F,3,,UFA,LAK,26,0,0,12
Michael Pezzetta,F,3,,UFA,MTL,26,0,0,12
Juuso Parssinen,F,3,,UFA,NSH,23,0,0,12
Chris Tierney,F,3,,UFA,NJD,30,0.9,0,12
Nathan Bastian,F,3,,UFA,NJD,26,0,0,12
Barclay Goodrow,F,3,,UFA,NYR,31,0.8,0,12
Ryan Carpenter,F,3,,UFA,SJS,33,0,0,12
Marc-Edouard Vlasic,D,3,,UFA,SJS,37,0.5,0,12
Nicolas Hague,D,3,,UFA,VGK,25,0,0,12
Noah Gregor,F,3,,UFA,TOR,32,0,0,12
Isac Lundestrom,F,3,,UFA,ANA,24,0,0,11
Matt Grzelcyk,D,3,,UFA,BOS,30,1.6,0,11
Tony DeAngelo (NCM),D,C,MINOR,BOT,UFA,28,3,0,11
MacKenzie Entwistle,F,3,,UFA,CHI,25,0,0,11
Vincent Desharnais,D,3,,UFA,EDM,28,0,0,11
Pheonix Copley,G,3,,UFA,LAK,32,0.7,0,11
Jon Merrill,D,3,,UFA,MIN,32,0,0,11
Kevin Bahl,D,3,,UFA,NJD,24,0,0,11
Pierre-Olivier Joseph,D,3,,UFA,PIT,25,0,0,11
Thomas Bordeleau,F,A,MINOR,ZSK,SJS,22,0.5,0,11
Henry Thrun,D,3,,UFA,SJS,23,0,0,11
Luke Glendening,F,3,,UFA,TBL,35,0,0,11
Ian Cole,D,3,,UFA,VAN,35,0.6,0,11
Jamie Drysdale,D,C,START,VPP,PHI,22,0.5,0,10
Barrett Hayton,F,C,MINOR,BOT,UTH,24,0.6,0,10
Josh Brown,D,3,,UFA,UTH,30,0,0,10
John Beecher,F,3,,UFA,BOS,23,0,0,10
Jakub Lauko,F,3,,UFA,BOS,24,0,0,10
Arvid Soderblom,G,3,,UFA,CHI,25,0,0,10
Sam Malinski,D,3,,UFA,COL,26,0,0,10
Eric Robinson,F,3,,UFA,BUF,29,0,0,10
Andrew Peeke,D,3,,UFA,BOS,26,0,0,10
Adam Boqvist,D,C,MINOR,ZSK,CBJ,24,0.5,0,10
David Jiricek,D,A,MINOR,SRL,CBJ,20,0.5,0,10
Andreas Englund,D,3,,UFA,LAK,28,0,0,10
Alex Goligoski,D,3,,UFA,MIN,39,0.5,0,10
Rafael Harvey-Pinard,F,3,,UFA,MTL,25,0,0,10
Arber Xhekaj,D,3,,UFA,MTL,23,0,0,10
Gustav Lindstrom,D,3,,UFA,MTL,25,0,0,10
Jayden Struble,D,3,,UFA,MTL,23,0,0,10
Akira Schmid,G,3,START,GVR,NJD,24,0.6,0,10
Ty Emberson,D,3,,UFA,NYR,24,0,0,10
Mark Kastelic,F,3,,UFA,OTT,25,0,0,10
Calvin de Haan,D,3,,UFA,TBL,33,0,0,10
Conor Timmins,D,3,,UFA,TOR,25,0.5,0,10
Phillip Di Giuseppe,F,3,,UFA,VAN,30,0,0,10
Ben Hutton,D,3,,UFA,VGK,31,0,0,10
Zach PUTHse,F,3,,UFA,COL,40,0,0,10
Sam Gagner,F,3,,UFA,EDM,35,0,0,10
Olen Zellweger,D,A,MINOR,ZSK,ANA,21,0.5,0,9
Josh Doan,F,3,,UFA,UTH,22,0,0,9
Adam Ruzicka,F,3,,UFA,CGY,25,0,0,9
Andreas Athanasiou,F,3,,UFA,CHI,30,0,0,9
Jarred Tinordi,D,3,,UFA,CHI,32,0,0,9
Fredrik Olofsson,F,3,,UFA,COL,28,0,0,9
Patrik Laine,F,3,START,JHN,CBJ,26,2.3,0,9
Ty Dellandrea,F,C,MINOR,BOT,DAL,24,0.5,0,9
Dylan Holloway,F,A,MINOR,BOT,EDM,22,0.7,0,9
Josh Mahura,D,3,,UFA,FLA,26,0,0,9
Vinni Lettieri,F,3,,UFA,MIN,29,0,0,9
Christian Dvorak,F,3,,UFA,MTL,28,0.9,0,9
Joshua Roy,F,3,,UFA,MTL,21,0,0,9
Jonas Siegenthaler,D,3,,UFA,NJD,27,0,0,9
Colin Miller,D,3,,UFA,NJD,31,0.9,0,9
Kyle MacLean,F,3,,UFA,NYI,25,0,0,9
Julien Gauthier,F,3,,UFA,NYI,26,0.5,0,9
Zac Jones,D,3,,UFA,NYR,23,0,0,9
Kevin Labanc,F,3,,UFA,SJS,28,1.2,0,9
Nikita Okhotiuk,D,3,,UFA,CGY,23,0,0,9
Jacob MacDonald,D,3,,UFA,SJS,31,0,0,9
Ryker Evans,D,3,,UFA,SEA,22,0,0,9
Alex Barre0Boulet,F,3,,UFA,TBL,27,0.5,0,9
Mark Giordano,D,3,,UFA,TOR,40,0.6,0,9
Kaedan Korczak,D,3,,UFA,VGK,23,0,0,9
Declan Chisholm,D,3,,UFA,WPG,24,0,0,9
Tyler Motte,F,3,,UFA,TBL,29,0,0,9
Joel Kiviranta,F,3,,UFA,COL,28,0,0,9
Ilya Lyubushkin,D,3,,UFA,TOR,30,0,0,8
Travis Boyd,F,3,,UFA,UTH,31,0,0,8
Ivan Prosvetov,G,3,,UFA,UTH,25,0,0,8
Parker Wotherspoon,D,3,,UFA,BOS,27,0,0,8
Jacob Bryson,D,3,,UFA,BUF,26,0,0,8
Dryden Hunt,F,3,,UFA,CGY,28,0,0,8
Oliver Kylington,D,3,,UFA,CGY,27,0.5,0,8
Cole Guttman,F,3,,UFA,CHI,25,0,0,8
Connor Murphy,D,3,,UFA,CHI,31,0,0,8
Dakota Mermis,D,3,,UFA,MIN,30,0,0,8
Jesse Ylonen,F,3,,UFA,MTL,24,0,0,8
Matt Martin,F,3,,UFA,NYI,35,0,0,8
Kyle Burroughs,D,3,,UFA,SJS,29,0,0,8
Marco Scandella,D,3,,UFA,STL,34,0,0,8
William Carrier,F,3,,UFA,VGK,29,0,0,8
Brendan Brisson,F,A,MINOR,BOT,VGK,22,0.5,0,8
Travis Dermott,D,3,,UFA,UTH,27,0.5,0,7
Troy Stecher,D,3,,UFA,EDM,30,0.6,0,7
Mattias Samuelsson,D,3,,UFA,BUF,24,0,0,7
Ryan Johnson,D,3,,UFA,BUF,23,0,0,7
Dillon Dube,F,3,,UFA,CGY,26,0.5,0,7
Walker Duehr,F,3,,UFA,CGY,26,0,0,7
Dennis Gilbert,D,3,,UFA,CGY,27,0,0,7
Nick DeSimone,D,3,,UFA,CGY,29,0,0,7
David Gust,F,3,,UFA,CHI,30,0,0,7
Wyatt Kaiser,D,3,,UFA,CHI,22,0,0,7
Nikita Zaitsev,D,3,,UFA,CHI,32,0,0,7
Ryan Lomberg,F,3,,UFA,FLA,29,0,0,7
Luke Schenn,D,3,,UFA,NSH,34,0,0,7
Radim Zohorna,F,3,,UFA,PIT,28,0,0,7
Noel Acciari,F,3,,UFA,PIT,32,0,0,7
Pierre-Edouard Bellemare,F,3,,UFA,SEA,39,0,0,7
Sammy Blais,F,3,,UFA,STL,28,0,0,7
Matthew Kessel,D,3,,UFA,STL,24,0,0,7
Mitchell Chaffee,F,3,,UFA,TBL,26,0,0,7
Nils Aman,F,3,,UFA,VAN,24,0,0,7
Noah Juulsen,D,3,,UFA,VAN,27,0,0,7
Brayden Pachal,D,3,,UFA,VGK,25,0,0,7
Daniil Miromanov,D,3,,UFA,VGK,27,0,0,7
Michael Sgarbossa,F,3,,UFA,WSH,32,0,0,7
David Gustafsson,F,3,,UFA,WPG,24,0,0,7
Justin Brazeau,F,3,,UFA,BOS,26,0,0,7
Zach Sanford,F,3,,UFA,UTH,29,0.6,0,6
Tyson Jost,F,3,,UFA,BUF,26,0.5,0,6
Erik Johnson,D,3,,UFA,PHI,36,0.5,0,6
Dustin Wolf,G,B,MINOR,BOT,CGY,23,0.5,0,6
Isaak Phillips,D,3,,UFA,CHI,22,0,0,6
Jonatan Berggren,F,C,MINOR,ZSK,DET,24,0.5,0,6
Brandt Clarke,D,A,MINOR,LGN,LAK,21,0.5,0,6
Tomas Nosek,F,3,,UFA,NJD,32,0,0,6
Oliver Wahlstrom,F,C,MINOR,VPP,NYI,24,0.8,0,6
Filip Chytil,F,RFA1,,RFA,NYR,25,0.6,0,6
Travis Hamonic,D,3,,UFA,OTT,34,0,0,6
Jakub Vrana,F,3,,UFA,STL,28,1.5,0,6
Ryan Reaves,F,3,,UFA,TOR,37,0,0,6
Carson Soucy,D,3,,UFA,VAN,30,0,0,6
Ivan Miroshnichenko,F,A,MINOR,LPT,WSH,20,0.5,0,6
Joel Edmundson,D,3,,UFA,TOR,31,0,0,6
Brendan Lemieux,F,3,,UFA,CAR,28,0,0,5
Caleb Jones,D,3,,UFA,COL,27,0,0,5
Reese Johnson,F,3,,UFA,CHI,26,0,0,5
Joel Hanley,D,3,,UFA,DAL,33,0,0,5
Matt Murray,G,3,,UFA,DAL,26,0,0,5
Justin Holl,D,3,,UFA,DET,32,0,0,5
John Ludvig,D,3,,UFA,FLA,24,0,0,5
Jacob Lucchini,F,3,,UFA,MIN,29,0,0,5
Jared Spurgeon,D,3,,UFA,MIN,34,0.7,0,5
Jesper Wallstedt,G,A,MINOR,SRL,MIN,21,0.5,0,5
Scott Mayfield,D,3,,UFA,NYI,31,0.5,0,5
Samuel Bolduc,D,3,,UFA,NYI,23,0,0,5
Nick Bonino,F,3,,UFA,NYR,36,0.6,0,5
Olle Lycksell,F,3,,UFA,PHI,25,0,0,5
Marc Staal,D,3,,UFA,PHI,37,0,0,5
Shane Wright,F,A,MINOR,BOT,SEA,20,0.9,0,5
Haydn Fleury,D,3,,UFA,TBL,28,0,0,5
John Klingberg,D,3,,UFA,TOR,32,1.1,0,5
Matt Murray,G,3,,UFA,TOR,30,0.5,0,5
Matthew Phillips,F,3,,UFA,WSH,26,0,0,5
Dominic Toninato,F,3,,UFA,WPG,30,0,0,5
Axel Jonsson-Fjallby,F,3,,UFA,WPG,26,0,0,5
Vladislav Kolyachonok,D,3,,UFA,UTH,23,0,0,4
Derek Forbort,D,3,,UFA,BOS,32,0,0,4
Kevin Rooney,F,3,,UFA,CGY,31,0,0,4
Taylor Hall,F,3,,UFA,CHI,32,0.6,0,4
Landon Slaggert,F,3,,UFA,CHI,22,0,0,4
James Malatesta,F,3,,UFA,CBJ,21,0,0,4
Brendan Gaunce,F,3,,UFA,CBJ,30,0,0,4
Jet Greaves,G,3,,UFA,CBJ,23,0,0,4
Jaret Anderson-Dolan,F,3,,UFA,LAK,25,0,0,4
Alex Turcotte,F,B,MINOR,GVR,LAK,23,0.8,0,4
Akil Thomas,F,3,,UFA,LAK,24,0,0,4
Marat Khusnutdinov,F,3,,UFA,MIN,22,0,0,4
Spencer Stastney,D,3,,UFA,NSH,24,0,0,4
Ross Johnston,F,3,,UFA,NYI,30,0,0,4
Tyler Pitlick,F,3,,UFA,NYR,32,0,0,4
Nicolas Deslauriers,F,3,,UFA,PHI,33,0,0,4
Rasmus Ristolainen,D,3,,UFA,PHI,29,0.8,0,4
Louie Belpedio,D,3,,UFA,PHI,28,0,0,4
Cal Petersen,G,3,MINOR,BOT,PHI,29,0.5,0,4
Matt Nieto,F,3,,UFA,PIT,31,0,0,4
Chad Ruhwedel,D,3,,UFA,PIT,34,0,0,4
Givani Smith,F,3,,UFA,SJS,26,0,0,4
Matt Tomkins,G,3,,UFA,TBL,30,0,0,4
William Lagesson,D,3,,UFA,ANA,28,0,0,4
Arturs Silovs,G,B,MINOR,LPT,VAN,23,0.5,0,4
Mason Morelli,F,3,,UFA,VGK,28,0,0,4
Hunter Shepard,G,3,,UFA,WSH,28,0,0,4
Jansen Harkins,F,3,,UFA,WPG,27,0,0,4
Jesse Puljujarvi,F,3,,UFA,PIT,26,0.9,0,4
Austin Watson,F,3,,UFA,TBL,32,0,0,4
Ethan Bear,D,3,,UFA,WSH,27,0,0,4
Brock McGinn,F,3,,UFA,ANA,30,0,0,3
Tristan Luneau,D,3,,UFA,ANA,20,0,0,3
Anthony Richard,F,3,,UFA,BOS,27,0,0,3
Jakob Pelletier,F,B,MINOR,BOT,CGY,23,0.5,0,3
Ilya Solovyov,D,3,,UFA,CGY,24,0,0,3
Louis Crevier,D,3,,UFA,CHI,23,0,0,3
Ben Meyers,F,3,,UFA,COL,25,0,0,3
Liam Foudy,F,3,,UFA,CBJ,24,0,0,3
Trey Fix0Wolansky,F,3,,UFA,CBJ,25,0,0,3
James Hamblin,F,3,,UFA,EDM,25,0,0,3
Steven Lorentz,F,3,,UFA,FLA,28,0,0,3
Uvis Balinskis,D,3,,UFA,FLA,28,0,0,3
Mitchell Stephens,F,3,,UFA,MTL,27,0,0,3
Marc Del Gaizo,D,3,,UFA,NSH,24,0,0,3
Angus Crookshank,F,3,,UFA,OTT,24,0,0,3
Rourke Chartier,F,3,,UFA,OTT,28,0,0,3
Zack MacEwen,F,3,,UFA,OTT,28,3.2,0,3
Vinnie Hinostroza,F,3,,UFA,PIT,30,0.5,0,3
Emil Martinsen Lilleberg,D,3,,UFA,TBL,23,0,0,3
Jonas Rondbjerg,F,3,,UFA,VGK,25,0,0,3
Sheldon Rempal,F,3,,UFA,VGK,29,0,0,3
Alexander Alexeyev,D,3,,UFA,WSH,24,0,0,3
Milan Lucic,F,3,,UFA,BOS,36,1.6,0,2
Ian Mitchell,D,3,,UFA,BOS,25,0,0,2
Brandon Biro,F,3,,UFA,BUF,26,0,0,2
Lukas Rousek,F,3,,UFA,BUF,25,0,0,2
Eric Comrie,G,3,,UFA,BUF,29,0,0,2
Devin Cooley,G,3,,UFA,BUF,27,0,0,2
Jordan Oesterle,D,3,,UFA,CGY,32,0,0,2
Riley Tufte,F,3,,UFA,COL,26,0,0,2
Chris Wagner,F,3,,UFA,COL,33,0,0,2
Kurtis MacDermid,D,3,,UFA,NJD,30,0,0,2
Mikael Pyyhtia,F,3,,UFA,CBJ,22,0,0,2
Carson Meyer,F,3,,UFA,CBJ,27,0,0,2
Jake Christiansen,D,3,,UFA,CBJ,25,0,0,2
Simon Edvinsson,D,A,MINOR,LGN,DET,21,0.5,0,2
Philip Broberg,D,3,,UFA,EDM,23,0,0,2
Jack Campbell,G,3,,UFA,EDM,32,0.7,0,2
Adam Beckman,F,3,,UFA,MIN,23,0,0,2
Liam Ohgren,F,A,MINOR,ZSK,MIN,20,0.5,0,2
Nic Petan,F,3,,UFA,MIN,29,0.6,0,2
Kirby Dach,F,C,MINOR,LPT,MTL,23,0.9,0,2
Lane Hutson,D,A,MINOR,ZSK,MTL,20,0.5,0,2
Denis Gurianov,F,3,,UFA,PHI,27,0.5,0,2
Yaroslav Askarov,G,A,MINOR,GVR,NSH,22,0.8,0,2
Santeri Hatakka,D,3,,UFA,NJD,23,0,0,2
Adam Edstrom,F,3,,UFA,NYR,23,0,0,2
Matt Rempe,F,3,,UFA,NYR,22,0,0,2
Louis Domingue,G,3,,UFA,NYR,32,0.5,0,2
Jiri Smejkal,F,3,,UFA,OTT,27,0,0,2
Matthew Highmore,F,3,,UFA,OTT,28,0,0,2
Mads Sogaard,G,3,,UFA,OTT,23,0,0,2
Ronnie Attard,D,3,,UFA,PHI,25,0.5,0,2
Felix Sandstrom,G,3,,UFA,PHI,27,0,0,2
Magnus Hellberg,G,3,,UFA,PIT,33,0,0,2
Magnus Chrona,G,3,,UFA,SJS,24,0,0,2
Jaycob Megna,D,3,,UFA,SEA,31,0,0,2
Chris Driedger,G,3,,UFA,SEA,30,1,0,2
Nikita Alexandrov,F,3,,UFA,STL,23,0,0,2
Tyler Tucker,D,3,,UFA,STL,24,0,0,2
Cole Koepke,F,3,,UFA,TBL,26,0,0,2
Vasily Podkolzin,F,B,MINOR,BOT,VAN,23,0.5,0,2
Jiri Patera,G,3,,UFA,VGK,25,0,0,2
Logan Stanley,D,3,,UFA,WPG,26,0,0,2
Adam Erne,F,3,,UFA,EDM,29,0,0,2
Nikita Nesterenko,F,3,,UFA,ANA,23,0,0,1
Sam Colangelo,F,3,,UFA,ANA,22,0,0,1
Jan Jenik,F,C,MINOR,BOT,UTH,24,0.5,0,1
Aku Raty,F,3,,UFA,UTH,23,0,0,1
Milos Kelemen,F,3,,UFA,UTH,25,0,0,1
John Leonard,F,3,,UFA,UTH,26,0,0,1
Marc McLaughlin,F,3,,UFA,BOS,25,0,0,1
Patrick Brown,F,3,,UFA,BOS,32,0,0,1
Oskar Steen,F,3,,UFA,BOS,26,0,0,1
Kale Clague,D,3,,UFA,BUF,26,0,0,1
Adam Klapka,F,3,,UFA,CGY,24,0,0,1
Frank Nazar,F,A,MINOR,BOT,CHI,20,0.5,0,1
Jean-Luc Foudy,F,3,,UFA,COL,22,0,0,1
Jason Polin,F,3,,UFA,COL,25,0,0,1
Luca Del Bel Belluz,F,3,,UFA,CBJ,20,0,0,1
Nick Blankenburg,D,3,,UFA,CBJ,26,0,0,1
Austin Czarnik,F,3,,UFA,DET,31,0,0,1
William Lockwood,F,3,,UFA,FLA,26,0,0,1
Samuel Fagemo,F,C,MINOR,SHF,LAK,24,0.5,0,1
Jacob Moverare,D,3,,UFA,LAK,26,0,0,1
Daemon Hunt,D,3,,UFA,MIN,22,0,0,1
Logan Mailloux,D,3,,UFA,MTL,21,0,0,1
Nolan Foote,F,3,,UFA,NJD,23,0,0,1
Justin Dowling,F,3,,UFA,NJD,33,0,0,1
Cal Foote,D,3,,UFA,NJD,25,0.5,0,1
Ruslan Iskhakov,F,3,,UFA,NYI,24,0,0,1
Roby Jarventie,F,3,,UFA,OTT,22,0,0,1
Tyler Kleven,D,3,,UFA,OTT,22,0,0,1
Cutter Gauthier,F,A,MINOR,LPT,ANA,20,0.8,0,1
Adam Ginning,D,3,,UFA,PHI,24,0,0,1
Jonathan Gruden,F,3,,UFA,PIT,24,0,0,1
Jack St. Ivany,D,3,,UFA,PIT,25,0,0,1
Mark Friedman,D,3,,UFA,PIT,28,0,0,1
Ryan Shea,D,3,,UFA,PIT,27,0,0,1
Logan Couture,F,3,,UFA,SJS,35,1.3,0,1
Shakir Mukhamadullin,D,3,,UFA,SJS,22,0,0,1
Nikolai Knyzhov,D,3,,UFA,SJS,26,0,0,1
Mackenzie MacEachern,F,3,,UFA,STL,30,0,0,1
Calle Rosen,D,3,,UFA,STL,30,0,0,1
Waltteri Merela,F,3,,UFA,TBL,26,0,0,1
Jack Studnicka,F,3,,UFA,VAN,25,0,0,1
Byron Froese,F,3,,UFA,VGK,33,0,0,1
Lukas Cormier,D,A,MINOR,ZSK,VGK,22,0.5,0,1
Nicklas Backstrom,F,3,,UFA,WSH,36,0.7,0,1
Hardy Haman Aktell,D,3,,UFA,WSH,26,0,0,1
Lucas Johansen,D,3,,UFA,WSH,26,0,0,1
Dylan McIlrath,D,3,,UFA,WSH,32,0,0,1
Nikita Chibrikov,F,A,MINOR,SRL,WPG,21,0.5,0,1
Rasmus Kupari,F,3,,UFA,WPG,24,0,0,1
Brad Lambert,F,3,,UFA,WPG,20,0,0,1
Pavol Regenda,F,3,,UFA,ANA,24,0,0,0
Brayden Tracey,F,3,,UFA,ANA,23,0,0,0
Andrew Agozzino,F,3,,UFA,ANA,33,0,0,0
Blake McLaughlin,F,3,,UFA,ANA,24,0,0,0
Connor Hvidston,F,3,,UFA,ANA,20,0,0,0
Nico Myatovic,F,3,,UFA,ANA,19,0,0,0
Benoit0Olivier Groulx,F,3,,UFA,ANA,24,0,0,0
Nathan Gaucher,F,3,,UFA,ANA,20,0,0,0
Josh Lopina,F,3,,UFA,ANA,23,0,0,0
Glenn Gawdin,F,3,,UFA,ANA,27,0,0,0
Chase De Leo,F,3,,UFA,ANA,28,0,0,0
Coulson Pitre,F,3,,UFA,ANA,19,0,0,0
Carey Terrance,F,3,,UFA,ANA,19,0,0,0
Albin Sundsvik,F,3,,UFA,ANA,23,0,0,0
Kyle Kukkonen,F,3,,UFA,ANA,21,0,0,0
Ethan Bowen,F,3,,UFA,ANA,22,0,0,0
Ben King,F,3,,UFA,ANA,22,0,0,0
Trevor Janicke,F,3,,UFA,ANA,23,0,0,0
Artyom Galimov,F,3,,UFA,ANA,25,0,0,0
Sasha Pastujov,F,3,,UFA,ANA,21,0,0,0
Jacob Perreault,F,3,,UFA,MTL,22,0,0,0
Judd Caulfield,F,3,,UFA,ANA,23,0,0,0
Jaxsen Wiebe,F,3,,UFA,ANA,22,0,0,0
Yegor Sidorov,F,3,,UFA,ANA,20,0,0,0
Michael Callow,F,3,,UFA,ANA,20,0,0,0
Robert Hagg,D,3,,UFA,ANA,29,0,0,0
Drew Helleson,D,3,,UFA,ANA,23,0,0,0
Tyson Hinds,D,3,,UFA,ANA,21,0,0,0
Colton White,D,3,,UFA,ANA,27,0,0,0
Trevor Carrick,D,3,,UFA,ANA,30,0,0,0
Noah Warren,D,3,,UFA,ANA,20,0,0,0
Ian Moore,D,3,,UFA,ANA,22,0,0,0
Konnor Smith,D,3,,UFA,ANA,19,0,0,0
Rodwin Dionicio,D,3,,UFA,ANA,20,0,0,0
Vojtech Port,D,3,,UFA,ANA,19,0,0,0
William Francis,D,3,,UFA,ANA,23,0,0,0
Alex Stalock,G,3,,UFA,ANA,37,0,0,0
Calle Clang,G,3,,UFA,ANA,22,0,0,0
Gage Alexander,G,3,,UFA,ANA,22,0,0,0
Damian Clara,G,3,,UFA,ANA,19,0,0,0
Vyacheslav Buteyets,G,3,,UFA,ANA,22,0,0,0
Alexander Kerfoot,F,3,,UFA,UTH,30,0.6,0,0
Liam O`Brien,F,3,,UFA,UTH,30,0,0,0
Ben McCartney,F,3,,UFA,UTH,23,0,0,0
Travis Barron,F,3,,UFA,UTH,26,0,0,0
Danil But,F,3,,UFA,UTH,19,0,0,0
Ilya Fedotov,F,3,,UFA,UTH,21,0,0,0
Samuel Lipkin,F,3,,UFA,UTH,21,0,0,0
Noel Nordh,F,3,,UFA,UTH,19,0,0,0
Carson Bantle,F,3,,UFA,UTH,22,0,0,0
Adam Zlnka,F,3,,UFA,UTH,20,0,0,0
Julian Lutz,F,3,,UFA,UTH,20,0,0,0
Liam Kirk,F,3,,UFA,UTH,24,0,0,0
Danil Savunov,F,3,,UFA,UTH,23,0,0,0
Nathan Smith,F,3,,UFA,UTH,25,0,0,0
Curtis Douglas,F,3,,UFA,UTH,24,0,0,0
Justin Kirkland,F,3,,UFA,UTH,28,0,0,0
Ryan McGregor,F,3,,UFA,UTH,25,0,0,0
Conor Geekie,F,A,MINOR,VPP,UTH,20,0.7,0,0
Jonathan Castagna,F,3,,UFA,UTH,19,0,0,0
Tanner Ludtke,F,3,,UFA,UTH,19,0,0,0
Filip Barklund,F,3,,UFA,UTH,22,0,0,0
Samu Bau,F,3,,UFA,UTH,20,0,0,0
Bryan Little,F,3,,UFA,UTH,36,0.6,0,0
Miko Matikka,F,3,,UFA,UTH,20,0,0,0
Vadim Moroz,F,3,,UFA,UTH,20,0,0,0
Elliot Ekefjard,F,3,,UFA,UTH,22,0,0,0
Anthony Romano,F,3,,UFA,UTH,23,0,0,0
Alexandr DUTHn,F,3,,UFA,UTH,24,0,0,0
Jakub Voracek,F,3,,UFA,UTH,35,1.2,0,0
Victor Soderstrom,D,3,,UFA,UTH,23,0,0,0
Patrik Koch,D,3,,UFA,UTH,27,0,0,0
Steven Kampfer,D,3,,UFA,UTH,35,0,0,0
Montana Onyebuchi,D,3,,UFA,UTH,24,0,0,0
Cameron Crotty,D,3,,UFA,UTH,25,0,0,0
Dmitriy Simashev,D,A,MINOR,LGN,UTH,19,0.5,0,0
Maveric Lamoureux,D,3,,UFA,UTH,20,0,0,0
Artyom Duda,D,3,,UFA,UTH,20,0,0,0
Jeremy Langlois,D,3,,UFA,UTH,20,0,0,0
Maksymilian Szuber,D,3,,UFA,UTH,22,0,0,0
Terrell Goldsmith,D,3,,UFA,UTH,19,0,0,0
Justin Kipkie,D,3,,UFA,UTH,19,0,0,0
Matthew Morden,D,3,,UFA,UTH,20,0,0,0
Cal Thomas,D,3,,UFA,UTH,21,0,0,0
Shea Weber,D,3,,UFA,UTH,39,1.2,0,0
Matt Villalta,G,3,,UFA,UTH,25,0,0,0
Anson Thornton,G,3,,UFA,UTH,21,0,0,0
Michael Hrabal,G,3,,UFA,UTH,19,0,0,0
Melker Thelin,G,3,,UFA,UTH,19,0,0,0
Carsen Musser,G,3,,UFA,UTH,19,0,0,0
Rasmus Korhonen,G,3,,UFA,UTH,21,0,0,0
Josef Korenar,G,3,,UFA,UTH,26,0,0,0
Luke Toporowski,F,3,,UFA,BOS,23,0,0,0
Oskar Jellvik,F,3,,UFA,BOS,21,0,0,0
Jake Schmaltz,F,3,,UFA,BOS,23,0,0,0
Beckett Hendrickson,F,3,,UFA,BOS,19,0,0,0
Quinn Olson,F,3,,UFA,BOS,23,0,0,0
Brett Harrison,F,3,,UFA,BOS,21,0,0,0
Trevor Kuntar,F,3,,UFA,BOS,23,0,0,0
Jayson Megna,F,3,,UFA,BOS,34,0,0,0
Curtis Hall,F,3,,UFA,BOS,24,0,0,0
Dans Locmelis,F,3,,UFA,BOS,20,0,0,0
Andre Gasseau,F,3,,UFA,BOS,21,0,0,0
Christopher Pelosi,F,3,,UFA,BOS,19,0,0,0
Riley Duran,F,3,,UFA,BOS,22,0,0,0
Cole Spicer,F,3,,UFA,BOS,20,0,0,0
Ryan Walsh,F,3,,UFA,BOS,21,0,0,0
Jakob Forsbacka Karlsson,F,3,,UFA,BOS,27,0,0,0
Fabian Lysell,F,A,MINOR,LGN,BOS,21,0.5,0,0
Georgii Merkulov,F,3,,UFA,BOS,23,0,0,0
Casper Nassen,F,3,,UFA,BOS,20,0,0,0
Jakub Zboril,D,3,,UFA,CBJ,27,0,0,0
Reilly Walsh,D,3,,UFA,BOS,25,0,0,0
Alec Regula,D,3,,UFA,BOS,24,0,0,0
Ryan Mast,D,3,,UFA,BOS,21,0,0,0
Dan Renouf,D,3,,UFA,BOS,30,0,0,0
Michael Callahan,D,3,,UFA,BOS,24,0,0,0
Frederic Brunet,D,3,,UFA,BOS,21,0,0,0
Jonathan Myrenberg,D,3,,UFA,BOS,21,0,0,0
Ty Gallagher,D,3,,UFA,BOS,21,0,0,0
Mason Langenbrunner,D,3,,UFA,BOS,22,0,0,0
Roman Bychkov,D,3,,UFA,BOS,23,0,0,0
Kristian Kostadinski,D,3,,UFA,BOS,19,0,0,0
Jackson Edward,D,3,,UFA,BOS,20,0,0,0
Dustyn McFaul,D,3,,UFA,BOS,24,0,0,0
Brandon Bussi,G,3,,UFA,BOS,26,0,0,0
Kyle Keyser,G,3,,UFA,BOS,25,0,0,0
Michael DiPietro,G,D,MINOR,SRL,BOS,25,0.5,0,0
Philip Svedeback,G,3,,UFA,BOS,22,0,0,0
Reid Dyck,G,3,,UFA,BOS,20,0,0,0
Viktor Neuchev,F,3,,UFA,BUF,20,0,0,0
Isak Rosen,F,A,MINOR,LGN,BUF,21,0.5,0,0
Aleksandr Kisakov,F,3,,UFA,BUF,21,0,0,0
Brett Murray,F,3,,UFA,BUF,26,0,0,0
Linus Weissbach,F,3,,UFA,BUF,26,0,0,0
Filip Cederqvist,F,3,,UFA,BUF,24,0,0,0
Viljami Marjala,F,3,,UFA,BUF,21,0,0,0
Joel Ratkovic Berndtsson,F,3,,UFA,BUF,20,0,0,0
Ethan Miedema,F,3,,UFA,BUF,19,0,0,0
Matthew Savoie,F,A,MINOR,VPP,BUF,20,0.8,0,0
Tyson Kozak,F,3,,UFA,BUF,21,0,0,0
Justin Richards,F,3,,UFA,BUF,26,0,0,0
Noah Ostlund,F,A,MINOR,ZSK,BUF,20,0.5,0,0
Anton Wahlberg,F,3,,UFA,BUF,19,0,0,0
Gustav Karlsson,F,3,,UFA,BUF,20,0,0,0
Linus Sjodin,F,3,,UFA,BUF,21,0,0,0
William von Barnekow,F,3,,UFA,BUF,21,0,0,0
Jakub Konecny,F,3,,UFA,BUF,22,0,0,0
Matteo Costantini,F,3,,UFA,BUF,22,0,0,0
Vasily Glotov,F,3,,UFA,BUF,27,0,0,0
Arttu Ruotsalainen,F,3,,UFA,BUF,26,0,0,0
Jiri Kulich,F,A,MINOR,LGN,BUF,20,0.6,0,0
Olivier Nadeau,F,3,,UFA,BUF,21,0,0,0
Prokhor Poltapov,F,3,,UFA,BUF,21,0,0,0
Jake Richard,F,3,,UFA,BUF,20,0,0,0
Aaron Huglen,F,3,,UFA,BUF,23,0,0,0
Stiven Sardarian,F,3,,UFA,BUF,21,0,0,0
Riley Stillman,D,3,,UFA,BUF,26,0,0,0
Nikita Novikov,D,3,,UFA,BUF,21,0,0,0
Jeremy Davies,D,3,,UFA,BUF,27,0,0,0
Joseph Cecconi,D,3,,UFA,BUF,27,0,0,0
Vsevolod Komarov,D,3,,UFA,BUF,20,0,0,0
Mats Lindgren,D,3,,UFA,BUF,20,0,0,0
Maxim Strbak,D,3,,UFA,BUF,19,0,0,0
Gavin McCarthy,D,3,,UFA,BUF,19,0,0,0
Sean Keohane,D,3,,UFA,BUF,19,0,0,0
Norwin Panocha,D,3,,UFA,BUF,19,0,0,0
Albert Lyckasen,D,3,,UFA,BUF,23,0,0,0
Dustin Tokarski,G,3,,UFA,BUF,34,0,0,0
Michael Houser,G,3,,UFA,BUF,32,0,0,0
Topias Leinonen,G,3,,UFA,BUF,20,0,0,0
Scott Ratzlaff,G,3,,UFA,BUF,19,0,0,0
William Stromgren,F,3,,UFA,CGY,21,0,0,0
Lucas Ciona,F,3,,UFA,CGY,21,0,0,0
Parker Bell,F,3,,UFA,CGY,20,0,0,0
Aydar Suniev,F,3,,UFA,CGY,19,0,0,0
Cole Schwindt,F,3,,UFA,CGY,23,0,0,0
Mathias Emilio Pettersen,F,3,,UFA,CGY,24,0,0,0
Ben Jones,F,3,,UFA,CGY,25,0,0,0
Clark Bishop,F,3,,UFA,CGY,28,0,0,0
Rory Kerins,F,3,,UFA,CGY,22,0,0,0
Ilya Nikolaev,F,3,,UFA,CGY,23,0,0,0
Samuel Honzek,F,3,,UFA,CGY,19,0,0,0
Topi Ronni,F,3,,UFA,CGY,20,0,0,0
Cade Littler,F,3,,UFA,CGY,20,0,0,0
Jaden Lipinski,F,3,,UFA,CGY,19,0,0,0
Mitchell Mattson,F,3,,UFA,CGY,26,0,0,0
Joshua Nodler,F,3,,UFA,CGY,23,0,0,0
Pavel Karnaukhov,F,3,,UFA,CGY,27,0,0,0
Matthew Coronato,F,A,MINOR,LPT,CGY,21,0.5,0,0
Eetu Tuulola,F,3,,UFA,CGY,26,0,0,0
Yan Kuznetsov,D,3,,UFA,CGY,22,0,0,0
Jeremie Poirier,D,3,,UFA,CGY,22,0,0,0
Brady Lyle,D,3,,UFA,CGY,25,0,0,0
Colton Poolman,D,3,,UFA,CGY,28,0,0,0
Etienne Morin,D,3,,UFA,CGY,19,0,0,0
Jake Boltmann,D,3,,UFA,CGY,22,0,0,0
Axel Hurtig,D,3,,UFA,CGY,19,0,0,0
Carl0Johan Lerby,D,3,,UFA,CGY,27,0,0,0
Oscar Dansk,G,3,,UFA,CGY,30,0,0,0
Arsenii Sergeev,G,3,,UFA,CGY,21,0,0,0
Yegor Yegorov,G,3,,UFA,CGY,19,0,0,0
Daniil Chechelev,G,3,,UFA,CGY,23,0,0,0
Ville Koivunen,F,3,,UFA,PIT,21,0,0,0
Gleb Trikozov,F,3,,UFA,CAR,20,0,0,0
Alexander Perevalov,F,3,,UFA,CAR,20,0,0,0
Stanislav Yarovoi,F,3,,UFA,CAR,21,0,0,0
Timur Mukhanov,F,3,,UFA,CAR,19,0,0,0
Zion Nybeck,F,3,,UFA,CAR,22,0,0,0
Kirill Slepets,F,3,,UFA,CAR,25,0,0,0
David Kase,F,3,,UFA,CAR,27,0,0,0
Vasiliy Ponomarev,F,3,,UFA,CAR,22,0,0,0
Justin Robidas,F,3,,UFA,CAR,21,0,0,0
Ryan Suzuki,F,3,,UFA,CAR,23,0,0,0
Jamieson Rees,F,3,,UFA,CAR,23,0,0,0
Blake Murray,F,3,,UFA,CAR,23,0,0,0
Bradly Nadeau,F,3,,UFA,CAR,19,0,0,0
Nikita Guslistov,F,3,,UFA,CAR,22,0,0,0
Lucas Mercuri,F,3,,UFA,CAR,22,0,0,0
Noel Gunler,F,A,MINOR,BOT,CAR,22,0.5,0,0
Jackson Blake,F,3,,UFA,CAR,21,0,0,0
Cruz Lucius,F,3,,UFA,PIT,20,0,0,0
Tuukka Tieksola,F,3,,UFA,CAR,23,0,0,0
Felix Unger Sorum,F,3,,UFA,CAR,19,0,0,0
Jayden Perron,F,A,MINOR,BOT,CAR,19,0.5,0,0
Alexander Pashin,F,3,,UFA,CAR,22,0,0,0
Alexander Rykov,F,3,,UFA,CAR,19,0,0,0
Michael Emerson,F,3,,UFA,CAR,20,0,0,0
Dylan Coghlan,D,3,,UFA,CAR,26,0,0,0
Domenick Fensore,D,3,,UFA,CAR,23,0,0,0
Anttoni Honka,D,3,,UFA,CAR,23,0,0,0
Ronan Seeley,D,3,,UFA,CAR,22,0,0,0
Griffin Mendel,D,3,,UFA,CAR,25,0,0,0
Alexander Nikishin,D,A,MINOR,SRL,CAR,22,0.6,0,0
Scott Morrow,D,3,,UFA,CAR,21,0,0,0
Aleksi Heimosalmi,D,3,,UFA,CAR,21,0,0,0
Simon Forsmark,D,3,,UFA,CAR,20,0,0,0
Joel Nystrom,D,3,,UFA,CAR,22,0,0,0
Cade Webber,D,3,,UFA,CAR,23,0,0,0
Charles-Alexis Legault,D,3,,UFA,CAR,21,0,0,0
Vladimir Grudinin,D,3,,UFA,CAR,20,0,0,0
Alexander Pelevin,D,3,,UFA,CAR,20,0,0,0
Bryce Montgomery,D,3,,UFA,CAR,21,0,0,0
Joey Keane,D,3,,UFA,CAR,25,0,0,0
Jesper Sellgren,D,3,,UFA,CAR,26,0,0,0
Tarmo Reunanen,D,3,,UFA,CAR,26,0,0,0
Yaniv Perets,G,3,,UFA,CAR,24,0,0,0
Patrik Hamrla,G,3,,UFA,CAR,21,0,0,0
Ruslan Khazheyev,G,3,,UFA,CAR,19,0,0,0
Yegor Velmakin,G,3,,UFA,CAR,21,0,0,0
Yegor Naumov,G,3,,UFA,CAR,21,0,0,0
Jakub Vondras,G,3,,UFA,CAR,20,0,0,0
Nikita Quapp,G,3,,UFA,CAR,21,0,0,0
Jacob Kucharski,G,3,,UFA,CAR,24,0,0,0
Colton Dach,F,3,,UFA,CHI,21,0,0,0
Mike Hardman,F,3,,UFA,CHI,25,0,0,0
Brett Seney,F,3,,UFA,CHI,28,0,0,0
Gavin Hayes,F,3,,UFA,CHI,20,0,0,0
Samuel Savoie,F,3,,UFA,CHI,20,0,0,0
Marcel Marcel,F,3,,UFA,CHI,20,0,0,0
Dominic James,F,3,,UFA,CHI,22,0,0,0
Nick Lardis,F,3,,UFA,CHI,19,0,0,0
Parker Foo,F,3,,UFA,CHI,26,0,0,0
Antti Saarela,F,3,,UFA,CHI,23,0,0,0
Jalen Luypen,F,3,,UFA,CHI,22,0,0,0
Oliver Moore,F,A,MINOR,LGN,CHI,19,0.5,0,0
Ilya Safonov,F,3,,UFA,CHI,23,0,0,0
Aidan Thompson,F,3,,UFA,CHI,22,0,0,0
Paul Ludwinski,F,3,,UFA,CHI,20,0,0,0
Ryan Greene,F,3,,UFA,CHI,20,0,0,0
Riku Tohila,F,3,,UFA,CHI,20,0,0,0
Martin Misiak,F,3,,UFA,CHI,19,0,0,0
Milton Oscarson,F,3,,UFA,CHI,21,0,0,0
Jiri Felcman,F,3,,UFA,CHI,19,0,0,0
Alex Pharand,F,3,,UFA,CHI,19,0,0,0
Victor Stjernborg,F,3,,UFA,CHI,21,0,0,0
Liam Gorman,F,3,,UFA,CHI,24,0,0,0
Ryder Rolston,F,3,,UFA,CHI,22,0,0,0
Luke Philp,F,3,,UFA,CHI,28,0,0,0
Michal Teply,F,3,,UFA,CHI,23,0,0,0
Roman Kantserov,F,3,,UFA,CHI,19,0,0,0
Nils Juntorp,F,3,,UFA,CHI,20,0,0,0
Artur Kayumov,F,3,,UFA,CHI,26,0,0,0
Nolan Allan,D,3,,UFA,CHI,21,0,0,0
Ethan Del Mastro,D,3,,UFA,CHI,21,0,0,0
Filip Roos,D,3,,UFA,CHI,25,0,0,0
Taige Harding,D,3,,UFA,CHI,22,0,0,0
Sam Rinzel,D,3,,UFA,CHI,20,0,0,0
Janne Peltonen,D,3,,UFA,CHI,19,0,0,0
Michael Krutil,D,3,,UFA,CHI,22,0,0,0
Connor Kelley,D,3,,UFA,CHI,22,0,0,0
Vili SaUTHjarvi,D,3,,UFA,CHI,27,0,0,0
Jaxson Stauber,G,3,,UFA,CHI,25,0,0,0
Drew Commesso,G,A,MINOR,BOT,CHI,22,0.5,0,0
Adam Gajan,G,3,,UFA,CHI,20,0,0,0
Dominic Basse,G,3,,UFA,CHI,23,0,0,0
Gabriel Landeskog,F,3,START,GVR,COL,31,5.2,0,0
Taylor Makar,F,3,,UFA,COL,23,0,0,0
Maros Jedlicka,F,3,,UFA,COL,21,0,0,0
Sampo Ranta,F,3,,UFA,COL,24,0,0,0
Ondrej Pavel,F,3,,UFA,COL,24,0,0,0
Matthew Stienburg,F,3,,UFA,COL,23,0,0,0
Callahan Burke,F,3,,UFA,COL,27,0,0,0
Calum Ritchie,F,3,,UFA,COL,19,0,0,0
Andrei Buyalsky,F,3,,UFA,COL,24,0,0,0
Colby Ambrosio,F,3,,UFA,COL,22,0,0,0
Vladislav Kamenev,F,3,,UFA,COL,28,0.6,0,0
Logan O`Connor,F,3,,UFA,COL,28,0,0,0
Oskar Olausson,F,3,,UFA,COL,21,0,0,0
Alex Beaucage,F,3,,UFA,COL,23,0,0,0
Spencer Smallman,F,3,,UFA,COL,28,0,0,0
Nikolai Kovalenko,F,3,,UFA,COL,24,0,0,0
Keaton Middleton,D,3,,UFA,COL,26,0,0,0
Nate Clurman,D,3,,UFA,COL,26,0,0,0
Gianni Fairbrother,D,3,,UFA,COL,23,0,0,0
Brad Hunt,D,3,,UFA,COL,36,0.5,0,0
Corey Schueneman,D,3,,UFA,COL,29,0,0,0
Jack Ahcan,D,3,,UFA,COL,27,0,0,0
Wyatt Aamodt,D,3,,UFA,COL,26,0,0,0
Sean Behrens,D,3,,UFA,COL,21,0,0,0
Mikhail Gulyayev,D,3,,UFA,COL,19,0,0,0
Jeremy Hanzel,D,3,,UFA,COL,21,0,0,0
Chris Romaine,D,3,,UFA,COL,20,0,0,0
Nikita Ishimnikov,D,3,,UFA,COL,19,0,0,0
Pavel Francouz,G,3,,UFA,COL,34,0.5,0,0
Arvid Holm,G,3,,UFA,COL,25,0,0,0
Trent Miner,G,3,,UFA,COL,23,0,0,0
Ivan Zhigalov,G,3,,UFA,COL,21,0,0,0
Shamil Shmakov,G,3,,UFA,COL,25,0,0,0
Martin Rysavy,F,3,,UFA,CBJ,21,0,0,0
Tyler Peddle,F,3,,UFA,CBJ,19,0,0,0
Ben Boyd,F,3,,UFA,CBJ,21,0,0,0
Hunter McKown,F,3,,UFA,CBJ,22,0,0,0
Tyler Angle,F,3,,UFA,CBJ,23,0,0,0
Josh Dunne,F,3,,UFA,CBJ,25,0,0,0
William Whitelaw,F,3,,UFA,CBJ,19,0,0,0
Luca Pinelli,F,3,,UFA,CBJ,19,0,0,0
Oiva Keskinen,F,3,,UFA,CBJ,20,0,0,0
Calvin Thurkauf,F,3,,UFA,CBJ,27,0,0,0
Cameron Butler,F,3,,UFA,CBJ,22,0,0,0
Jordan Dumais,F,A,MINOR,BOT,CBJ,20,0.5,0,0
Kirill Dolzhenkov,F,3,,UFA,CBJ,20,0,0,0
Gavin Brindley,F,3,,UFA,CBJ,19,0,0,0
James Fisher,F,3,,UFA,CBJ,20,0,0,0
Stanislav Svozil,D,3,,UFA,CBJ,21,0,0,0
Corson Ceulemans,D,3,,UFA,CBJ,21,0,0,0
Samuel Knazko,D,3,,UFA,CBJ,22,0,0,0
Billy Sweezey,D,3,,UFA,CBJ,28,0,0,0
Tim Berni,D,3,,UFA,CBJ,24,0,0,0
Marcus Bjork,D,3,,UFA,CBJ,26,0.5,0,0
Ole Julian Bjorgvik-Holm,D,3,,UFA,CBJ,22,0,0,0
Denton Mateychuk,D,A,MINOR,JHN,CBJ,20,0.5,0,0
Guillaume Richard,D,3,,UFA,CBJ,21,0,0,0
Aidan Hreschuk,D,3,,UFA,CBJ,21,0,0,0
Nikolai Makarov,D,3,,UFA,CBJ,21,0,0,0
Samuel Johannesson,D,3,,UFA,CBJ,23,0,0,0
Andrew Strathmann,D,3,,UFA,CBJ,19,0,0,0
Sergei Ivanov,G,3,,UFA,CBJ,20,0,0,0
Nolan Lalonde,G,3,,UFA,CBJ,20,0,0,0
Melvin Strahl,G,3,,UFA,CBJ,19,0,0,0
Matej Blumel,F,3,,UFA,DAL,24,0,0,0
Antonio Stranges,F,3,,UFA,DAL,22,0,0,0
Ayrton Martino,F,3,,UFA,DAL,21,0,0,0
Justin Ertel,F,3,,UFA,DAL,21,0,0,0
Sebastian Bradshaw,F,3,,UFA,DAL,19,0,0,0
Adam Mascherin,F,3,,UFA,DAL,26,0,0,0
Mavrik Bourque,F,A,MINOR,VPP,DAL,22,0.5,0,0
Fredrik Karlstrom,F,3,,UFA,DAL,26,0,0,0
Oskar Back,F,3,,UFA,DAL,24,0,0,0
Francesco Arcuri,F,3,,UFA,DAL,21,0,0,0
Chase Wheatcroft,F,3,,UFA,DAL,22,0,0,0
Riley Damiani,F,3,,UFA,DAL,24,0,0,0
Brad Gardiner,F,3,,UFA,DAL,19,0,0,0
Angus MacDonell,F,3,,UFA,DAL,19,0,0,0
Daniel Ljungman,F,3,,UFA,DAL,22,0,0,0
Matthew Seminoff,F,3,,UFA,DAL,20,0,0,0
Kyle McDonald,F,3,,UFA,DAL,22,0,0,0
Nick Caamano,F,3,,UFA,DAL,26,0,0,0
Scott Reedy,F,3,,UFA,DAL,25,0,0,0
Albert Sjoberg,F,3,,UFA,DAL,21,0,0,0
Christian Kyrou,D,A,MINOR,GVR,DAL,20,0.5,0,0
Artem Grushnikov,D,3,,UFA,CGY,21,0,0,0
Gavin White,D,3,,UFA,DAL,21,0,0,0
Gavin Bayreuther,D,3,,UFA,DAL,30,0,0,0
Derrick Pouliot,D,3,,UFA,DAL,30,0,0,0
Alexander Petrovic,D,3,,UFA,DAL,32,0,0,0
Jerad Rosburg,D,3,,UFA,DAL,28,0,0,0
Lian Bichsel,D,3,,UFA,DAL,20,0,0,0
George Fegaras,D,3,,UFA,DAL,20,0,0,0
Tristan Bertucci,D,3,,UFA,DAL,19,0,0,0
Jack Bar,D,3,,UFA,DAL,21,0,0,0
Aram Minnetian,D,3,,UFA,DAL,19,0,0,0
Remi Poirier,G,3,,UFA,DAL,22,0,0,0
Maxim Mayorov,G,3,,UFA,DAL,20,0,0,0
Arno Tiefensee,G,3,,UFA,DAL,22,0,0,0
Carter Mazur,F,3,,UFA,DET,22,0,0,0
Cross Hanas,F,3,,UFA,DET,22,0,0,0
Tim Gettinger,F,3,,UFA,DET,26,0,0,0
Taro Hirose,F,3,,UFA,DET,28,0,0,0
Kirill Tyutyayev,F,3,,UFA,DET,24,0,0,0
Dmitri Buchelnikov,F,3,,UFA,DET,21,0,0,0
Dylan James,F,3,,UFA,DET,20,0,0,0
Maximilian Kilpinen,F,3,,UFA,DET,20,0,0,0
Kevin Bicker,F,3,,UFA,DET,19,0,0,0
Chase Bradley,F,3,,UFA,DET,22,0,0,0
Marco Kasper,F,A,MINOR,SRL,DET,20,0.5,0,0
Amadeus Lombardi,F,3,,UFA,DET,21,0,0,0
Nolan Stevens,F,3,,UFA,DET,28,0,0,0
Nate Danielson,F,A,MINOR,SHF,DET,19,0.5,0,0
Redmond Savage,F,3,,UFA,DET,21,0,0,0
Liam Dower Nilsson,F,3,,UFA,DET,21,0,0,0
Owen Mehlenbacher,F,3,,UFA,DET,20,0,0,0
Brennan Ali,F,3,,UFA,DET,20,0,0,0
Theodor Niederbach,F,3,,UFA,DET,22,0,0,0
Noah Dower Nilsson,F,3,,UFA,DET,19,0,0,0
Emmitt Finnie,F,3,,UFA,DET,19,0,0,0
Ethan Phillips,F,3,,UFA,DET,23,0,0,0
Elmer Soderblom,F,3,,UFA,DET,23,0,0,0
Matt Luff,F,3,,UFA,DET,27,0,0,0
Kienan Draper,F,3,,UFA,DET,22,0,0,0
Sam Stange,F,3,,UFA,DET,23,0,0,0
Ryan OReilly,F,3,,UFA,DET,24,0,0,0
William Wallinder,D,3,,UFA,DET,22,0,0,0
Antti Tuomisto,D,3,,UFA,DET,23,0,0,0
Eemil Viro,D,3,,UFA,DET,22,0,0,0
Albert Johansson,D,3,,UFA,DET,23,0,0,0
Wyatt Newpower,D,3,,UFA,DET,26,0,0,0
Jared McIsaac,D,3,,UFA,DET,24,0,0,0
Brogan Rafferty,D,3,,UFA,DET,29,0,0,0
Axel Sandin Pellikka,D,3,,UFA,DET,19,0,0,0
Anton Johansson,D,3,,UFA,DET,20,0,0,0
Shai Buium,D,3,,UFA,DET,21,0,0,0
Andrew Gibson,D,3,,UFA,DET,19,0,0,0
Brady Cleveland,D,3,,UFA,DET,19,0,0,0
Larry Keenan,D,3,,UFA,DET,19,0,0,0
Jack Phelan,D,3,,UFA,DET,20,0,0,0
Cooper Moore,D,3,,UFA,DET,23,0,0,0
Tnias Mathurin,D,3,,UFA,DET,20,0,0,0
Kyle Aucoin,D,3,,UFA,DET,22,0,0,0
Sebastian Cossa,G,A,MINOR,GVR,DET,21,0.6,0,0
John Lethemon,G,3,,UFA,DET,28,0,0,0
Trey Augustine,G,A,MINOR,ZSK,DET,19,0.5,0,0
Carter Gylander,G,3,,UFA,DET,23,0,0,0
Rudy Guimond,G,3,,UFA,DET,19,0,0,0
Jan Bednar,G,3,,UFA,DET,22,0,0,0
Joren Van Pottelberghe,G,3,,UFA,DET,27,0,0,0
Carter Savoie,F,3,,UFA,EDM,22,0,0,0
Drake Caggiula,F,3,,UFA,EDM,30,0,0,0
Shane Lachance,F,3,,UFA,EDM,21,0,0,0
Lane Pederson,F,3,,UFA,EDM,27,0,0,0
Xavier Bourgault,F,A,MINOR,GVR,EDM,21,0.5,0,0
Carl Berglund,F,3,,UFA,EDM,24,0,0,0
Jayden Grubbe,F,3,,UFA,EDM,21,0,0,0
Jake Chiasson,F,3,,UFA,EDM,21,0,0,0
Brad Malone,F,3,,UFA,EDM,35,0,0,0
Greg McKegg,F,3,,UFA,EDM,32,0,0,0
Joel Maatta,F,3,,UFA,EDM,22,0,0,0
Matt Copponi,F,3,,UFA,EDM,21,0,0,0
Tomas Mazura,F,3,,UFA,EDM,23,0,0,0
Maxim Denezhkin,F,3,,UFA,EDM,23,0,0,0
Raphael Lavoie,F,3,,UFA,EDM,23,0,0,0
Matvey Petrov,F,3,,UFA,EDM,21,0,0,0
Tyler Tullio,F,3,,UFA,EDM,22,0,0,0
Seth Griffith,F,3,,UFA,EDM,31,0,0,0
Maksim Berezkin,F,3,,UFA,EDM,22,0,0,0
Jeremias Lindewall,F,3,,UFA,EDM,22,0,0,0
Max Wanner,D,3,,UFA,EDM,21,0,0,0
Philip Kemp,D,3,,UFA,EDM,25,0,0,0
Markus Niemelainen,D,3,,UFA,EDM,26,0,0,0
Ben Gleason,D,3,,UFA,EDM,26,0,0,0
Noel Hoefenmayer,D,3,,UFA,EDM,25,0,0,0
Cam Dineen,D,3,,UFA,EDM,26,0,0,0
Nikita Yevseyev,D,3,,UFA,EDM,20,0,0,0
Luca Munzenberger,D,3,,UFA,EDM,21,0,0,0
Beau Akey,D,3,,UFA,EDM,19,0,0,0
Olivier Rodrigue,G,3,,UFA,EDM,24,0,0,0
Ryan Fanti,G,3,,UFA,EDM,24,0,0,0
Samuel Jonsson,G,3,,UFA,EDM,20,0,0,0
Nathaniel Day,G,3,,UFA,EDM,19,0,0,0
Kai Schwindt,F,3,,UFA,FLA,20,0,0,0
Jakub Kos,F,3,,UFA,FLA,21,0,0,0
Sandis Vilmanis,F,3,,UFA,FLA,20,0,0,0
Josh Davies,F,3,,UFA,FLA,20,0,0,0
Stepan Zvyagin,F,3,,UFA,FLA,20,0,0,0
Aleksi Heponiemi,F,3,,UFA,FLA,25,0.5,0,0
Egor Korshkov,F,3,,UFA,FLA,28,0,0,0
Ryan McAllister,F,3,,UFA,FLA,22,0,0,0
Justin Sourdif,F,3,,UFA,FLA,22,0,0,0
Zac Dalpe,F,3,,UFA,FLA,34,0,0,0
Alexander True,F,3,,UFA,FLA,27,0,0,0
Gracyn Sawchyn,F,3,,UFA,FLA,19,0,0,0
Elliot Ekmark,F,3,,UFA,FLA,22,0,0,0
Owen Lindmark,F,3,,UFA,FLA,23,0,0,0
Liam Arnsby,F,3,,UFA,FLA,20,0,0,0
Aleksi Saarela,F,3,,UFA,FLA,27,0,0,0
Rasmus Asplund,F,3,,UFA,FLA,26,0,0,0
Grigori Denisenko,F,C,MINOR,BOT,FLA,24,0.5,0,0
Mackie Samoskevich,F,A,MINOR,ZSK,FLA,21,0.5,0,0
Patrick Giles,F,3,,UFA,FLA,24,0,0,0
Gerry Mayhew,F,3,,UFA,FLA,31,0,0,0
Jack Devine,F,3,,UFA,FLA,20,0,0,0
Logan Hutsko,F,3,,UFA,FLA,25,0,0,0
Casey Fitzgerald,D,3,,UFA,FLA,27,0,0,0
Mike Benning,D,3,,UFA,FLA,22,0,0,0
Santtu Kinnunen,D,3,,UFA,FLA,25,0,0,0
Calle Sjalin,D,3,,UFA,FLA,25,0,0,0
Evan Nause,D,3,,UFA,FLA,21,0,0,0
Lucas Carlsson,D,3,,UFA,FLA,27,0,0,0
Matt Kiersted,D,3,,UFA,FLA,26,0,0,0
Nathan Staios,D,3,,UFA,FLA,23,0,0,0
Zach Uens,D,3,,UFA,FLA,23,0,0,0
Marek Alscher,D,3,,UFA,FLA,20,0,0,0
Vladislav Lukashevich,D,3,,UFA,FLA,21,0,0,0
Kasper Puutio,D,3,,UFA,FLA,22,0,0,0
Ludvig Jansson,D,3,,UFA,FLA,20,0,0,0
Albert Wikman,D,3,,UFA,FLA,19,0,0,0
Carter Berger,D,3,,UFA,FLA,24,0,0,0
Luke Coughlin,D,3,,UFA,FLA,19,0,0,0
Spencer Knight,G,B,MINOR,GVR,FLA,23,0.5,0,0
Mack Guzda,G,3,,UFA,FLA,23,0,0,0
Ludovic Waeber,G,3,,UFA,FLA,28,0,0,0
Kirill Gerasimyuk,G,3,,UFA,FLA,21,0,0,0
Olof Glifford,G,3,,UFA,FLA,19,0,0,0
Tyler Muszelik,G,3,,UFA,FLA,20,0,0,0
Andre Lee,F,3,,UFA,LAK,24,0,0,0
Mikhail Maltsev,F,3,,UFA,LAK,26,0,0,0
Bulat Shafigullin,F,3,,UFA,LAK,24,0,0,0
Samuel Helenius,F,3,,UFA,LAK,21,0,0,0
Francesco Pinelli,F,3,,UFA,LAK,21,0,0,0
Tyler Madden,F,C,MINOR,BOT,LAK,24,0.5,0,0
T.J. Tynan,F,3,,UFA,LAK,32,0,0,0
Jack Hughes,F,3,,UFA,LAK,20,0,0,0
Kenny Connors,F,3,,UFA,LAK,21,0,0,0
Kaleb Lawrence,F,3,,UFA,LAK,21,0,0,0
Alexander Dergachyov,F,3,,UFA,LAK,27,0,0,0
Martin Chromiak,F,3,,UFA,LAK,22,0,0,0
Taylor Ward,F,3,,UFA,LAK,26,0,0,0
Hayden Hodgson,F,3,,UFA,LAK,28,0,0,0
Kasper Simontaival,F,3,,UFA,LAK,22,0,0,0
Aatu Jamsen,F,3,,UFA,LAK,22,0,0,0
Koehn Ziemmer,F,3,,UFA,LAK,19,0,0,0
Ryan Conmy,F,3,,UFA,LAK,19,0,0,0
Jared Wright,F,3,,UFA,LAK,21,0,0,0
Tobias Bjornfot,D,3,,UFA,FLA,23,0,0,0
Cole Krygier,D,3,,UFA,LAK,24,0,0,0
Kim Nousiainen,D,3,,UFA,LAK,23,0,0,0
Steven Santini,D,3,,UFA,LAK,29,0,0,0
Kevin Connauton,D,3,,UFA,LAK,34,0,0,0
Joe Hicketts,D,3,,UFA,LAK,28,0,0,0
Jakub Dvorak,D,3,,UFA,LAK,19,0,0,0
Kirill Kirsanov,D,3,,UFA,LAK,21,0,0,0
Jack Sparkes,D,3,,UFA,LAK,20,0,0,0
Angus Booth,D,3,,UFA,LAK,20,0,0,0
Ben Meehan,D,3,,UFA,LAK,23,0,0,0
Otto Salin,D,3,,UFA,LAK,20,0,0,0
Matthew Mania,D,3,,UFA,LAK,19,0,0,0
Braden Doyle,D,3,,UFA,LAK,23,0,0,0
Erik Portillo,G,3,,UFA,LAK,24,0,0,0
Juho Markkanen,G,3,,UFA,LAK,22,0,0,0
Hampton Slukynsky,G,3,,UFA,LAK,19,0,0,0
Michael Milne,F,3,,UFA,MIN,21,0,0,0
Vladislav Firstov,F,3,,UFA,MIN,23,0,0,0
Rieger Lorenz,F,3,,UFA,MIN,20,0,0,0
James Clark,F,3,,UFA,MIN,19,0,0,0
Caedan Bankier,F,3,,UFA,MIN,21,0,0,0
Sam Hentges,F,3,,UFA,MIN,25,0,0,0
Riley Heidt,F,3,,UFA,MIN,19,0,0,0
Rasmus Kumpulainen,F,3,,UFA,MIN,19,0,0,0
Charlie Stramel,F,3,,UFA,MIN,19,0,0,0
Hunter Haight,F,3,,UFA,MIN,20,0,0,0
Servac Petrovsky,F,3,,UFA,MIN,20,0,0,0
Matvey Guskov,F,3,,UFA,MIN,23,0,0,0
Sammy Walker,F,3,,UFA,MIN,25,0,0,0
Pavel Novak,F,3,,UFA,MIN,22,0,0,0
Steven Fogarty,F,3,,UFA,MIN,31,0,0,0
Nick Swaney,F,3,,UFA,MIN,27,0,0,0
Maxim Cajkovic,F,3,,UFA,MIN,23,0,0,0
Danila Yurov,F,A,MINOR,SRL,MIN,20,0.5,0,0
David Spacek,D,3,,UFA,MIN,21,0,0,0
Carson Lambos,D,3,,UFA,MIN,21,0,0,0
Kyle Masters,D,3,,UFA,MIN,21,0,0,0
Simon Johansson,D,3,,UFA,MIN,25,0,0,0
Ryan O`Rourke,D,3,,UFA,MIN,22,0,0,0
Jack Peart,D,3,,UFA,MIN,21,0,0,0
Ryan Healey,D,3,,UFA,MIN,20,0,0,0
Nate Benoit,D,3,,UFA,MIN,21,0,0,0
Marshall Warren,D,3,,UFA,MIN,23,0,0,0
Kalem Parker,D,3,,UFA,MIN,19,0,0,0
Aaron Pionk,D,3,,UFA,MIN,21,0,0,0
Zane McIntyre,G,3,,UFA,MIN,32,0,0,0
Hunter Jones,G,3,,UFA,MIN,23,0,0,0
Sean Farrell,F,3,,UFA,MTL,22,0,0,0
Lucas Condotta,F,3,,UFA,MTL,26,0,0,0
Luke Tuch,F,3,,UFA,MTL,22,0,0,0
Cedrick Guindon,F,3,,UFA,MTL,20,0,0,0
Florian Xhekaj,F,3,,UFA,MTL,20,0,0,0
Sam Harris,F,3,,UFA,MTL,20,0,0,0
Rhett Pitlick,F,3,,UFA,MTL,23,0,0,0
Riley Kidney,F,3,,UFA,MTL,21,0,0,0
Xavier Simoneau,F,3,,UFA,MTL,23,0,0,0
Jan Mysak,F,3,,UFA,ANA,22,0,0,0
Lias Andersson,F,3,,UFA,MTL,25,0.5,0,0
Philippe Maillet,F,3,,UFA,MTL,31,0,0,0
Owen Beck,F,3,,UFA,MTL,20,0,0,0
Oliver Kapanen,F,3,,UFA,MTL,21,0,0,0
Jared Davidson,F,3,,UFA,MTL,22,0,0,0
Vinzenz Rohrer,F,3,,UFA,MTL,20,0,0,0
Filip Eriksson,F,3,,UFA,MTL,19,0,0,0
Blake Biondi,F,3,,UFA,MTL,22,0,0,0
Ty Smilanic,F,3,,UFA,MTL,22,0,0,0
Jack Smith,F,3,,UFA,MTL,22,0,0,0
Filip Mesar,F,3,,UFA,MTL,20,0,0,0
Emil Heineman,F,3,,UFA,MTL,22,0,0,0
Nathan Legare,F,3,,UFA,MTL,23,0,0,0
Alexander Gordin,F,3,,UFA,MTL,23,0,0,0
David Reinbacher,D,A,MINOR,SRL,MTL,19,0.7,0,0
William Trudeau,D,3,,UFA,MTL,21,0,0,0
Nicolas Beaudin,D,3,,UFA,MTL,24,0,0,0
Mattias Norlinder,D,3,,UFA,MTL,24,0,0,0
Chris Wideman,D,3,,UFA,MTL,34,0,0,0
Brady Keeper,D,3,,UFA,MTL,28,0,0,0
Adam Engstrom,D,3,,UFA,MTL,20,0,0,0
Dmitri Kostenko,D,3,,UFA,MTL,21,0,0,0
Petteri Nurmi,D,3,,UFA,MTL,22,0,0,0
Bogdan Konyushkov,D,3,,UFA,MTL,21,0,0,0
Luke Mittelstadt,D,3,,UFA,MTL,21,0,0,0
Daniil Sobolev,D,3,,UFA,MTL,21,0,0,0
Miguel Tourigny,D,3,,UFA,MTL,22,0,0,0
Jakub Dobes,G,3,,UFA,MTL,23,0,0,0
Jacob Fowler,G,3,,UFA,MTL,19,0,0,0
Emmett Croteau,G,3,,UFA,MTL,20,0,0,0
Quentin Miller,G,3,,UFA,MTL,19,0,0,0
Yevgeni Volokhin,G,3,,UFA,MTL,19,0,0,0
Joe Vrbetic,G,3,,UFA,MTL,21,0,0,0
Carey Price,G,3,,UFA,MTL,37,1.7,0,0
Egor Afanasyev,F,3,,UFA,NSH,23,0,0,0
Reid Schaefer,F,3,,UFA,NSH,20,0,0,0
Zachary L`Heureux,F,3,,UFA,NSH,21,0,0,0
Navrin Mutter,F,3,,UFA,NSH,23,0,0,0
Alexander Campbell,F,3,,UFA,NSH,23,0,0,0
Kalan Lind,F,3,,UFA,NSH,19,0,0,0
Gunnarwolfe Fontaine,F,3,,UFA,NSH,23,0,0,0
Isak Walther,F,3,,UFA,NSH,23,0,0,0
Sutter Muzzatti,F,3,,UFA,NSH,21,0,0,0
Fyodor Svechkov,F,3,,UFA,NSH,21,0,0,0
Nolan Burke,F,3,,UFA,NSH,21,0,0,0
Jachym Kondelik,F,3,,UFA,NSH,24,0,0,0
Jasper Weatherby,F,3,,UFA,NSH,26,0,0,0
Felix Nilsson,F,3,,UFA,NSH,19,0,0,0
Adam Ingram,F,3,,UFA,NSH,20,0,0,0
Joey Willis,F,3,,UFA,NSH,19,0,0,0
Ben Strinden,F,3,,UFA,NSH,22,0,0,0
Chase McLane,F,3,,UFA,NSH,24,0,0,0
Joakim Kemell,F,A,MINOR,LGN,NSH,20,0.7,0,0
Anthony Angello,F,3,,UFA,NSH,28,0,0,0
Matthew Wood,F,A,MINOR,VPP,NSH,19,0.5,0,0
Jesse Kiiskinen,F,3,,UFA,NSH,19,0,0,0
Austin Roest,F,3,,UFA,NSH,20,0,0,0
Simon Knak,F,3,,UFA,NSH,22,0,0,0
Aiden Fink,F,3,,UFA,NSH,19,0,0,0
Cole O`Hara,F,3,,UFA,NSH,22,0,0,0
Jack Matier,D,3,,UFA,NSH,21,0,0,0
Jake Livingstone,D,3,,UFA,NSH,25,0,0,0
Adam Wilsby,D,3,,UFA,NSH,24,0,0,0
Luke Prokop,D,3,,UFA,NSH,22,0,0,0
Kevin Gravel,D,3,,UFA,NSH,32,0,0,0
Jordan Gross,D,3,,UFA,NSH,29,0,0,0
Roland McKeown,D,3,,UFA,NSH,28,0,0,0
Tanner Molendyk,D,3,,UFA,NSH,19,0,0,0
Graham Sward,D,3,,UFA,NSH,21,0,0,0
Ryan Ufko,D,3,,UFA,NSH,21,0,0,0
Kasper Kulonummi,D,3,,UFA,NSH,20,0,0,0
Dylan MacKinnon,D,3,,UFA,NSH,19,0,0,0
Semyon Chistyakov,D,3,,UFA,NSH,23,0,0,0
Anton Olsson,D,3,,UFA,NSH,21,0,0,0
Luke Reid,D,3,,UFA,NSH,22,0,0,0
Vladislav Yeryomenko,D,3,,UFA,NSH,25,0,0,0
Troy Grosenick,G,3,,UFA,NSH,35,0,0,0
Juha Jatkola,G,3,,UFA,NSH,22,0,0,0
Ethan Haider,G,3,,UFA,NSH,23,0,0,0
Konstantin Volkov,G,3,,UFA,NSH,26,0,0,0
Brian Halonen,F,3,,UFA,NJD,25,0,0,0
Josh Filmon,F,3,,UFA,NJD,20,0,0,0
Cole Brown,F,3,,UFA,NJD,19,0,0,0
Nikita Popugaev,F,3,,UFA,NJD,25,0,0,0
Shane Bowers,F,3,,UFA,NJD,25,0,0,0
Kyle Criscuolo,F,3,,UFA,NJD,32,0,0,0
Samu Salminen,F,3,,UFA,NJD,21,0,0,0
Artem Shlaine,F,3,,UFA,NJD,22,0,0,0
Zakhar Bardakov,F,3,,UFA,NJD,23,0,0,0
Jaromir Pytlik,F,3,,UFA,NJD,22,0,0,0
Graeme Clarke,F,3,,UFA,NJD,23,0,0,0
Tyce Thompson,F,3,,UFA,NJD,25,0,0,0
Chase Stillman,F,3,,UFA,NJD,21,0,0,0
Arseni Gritsyuk,F,3,,UFA,NJD,23,0,0,0
Lenni Hameenaho,F,3,,UFA,NJD,19,0,0,0
Petr Hauser,F,3,,UFA,NJD,20,0,0,0
Cam Squires,F,3,,UFA,NJD,19,0,0,0
Patrick Moynihan,F,3,,UFA,NJD,23,0,0,0
Topias Vilen,D,3,,UFA,NJD,21,0,0,0
Daniil Misyul,D,3,,UFA,NJD,23,0,0,0
Tyler Wotherspoon,D,3,,UFA,NJD,31,0,0,0
Michael Vukojevic,D,3,,UFA,NJD,23,0,0,0
Case McCarthy,D,3,,UFA,NJD,23,0,0,0
Seamus Casey,D,3,,UFA,NJD,20,0,0,0
Viktor Hurtig,D,3,,UFA,NJD,22,0,0,0
Ethan Edwards,D,3,,UFA,NJD,22,0,0,0
Daniil Orlov,D,3,,UFA,NJD,20,0,0,0
Charlie Leddy,D,3,,UFA,NJD,20,0,0,0
Chase Cheslock,D,3,,UFA,NJD,19,0,0,0
Artyom Barabosha,D,3,,UFA,NJD,20,0,0,0
Daniil Karpovich,D,3,,UFA,NJD,19,0,0,0
Yegor Zaitsev,D,3,,UFA,NJD,26,0,0,0
Tyler Brennan,G,3,,UFA,NJD,20,0,0,0
Erik Kallgren,G,3,,UFA,NJD,27,1.5,0,0
Jakub Malek,G,3,,UFA,NJD,22,0,0,0
Cole Brady,G,3,,UFA,NJD,23,0,0,0
Arnaud Durandeau,F,3,,UFA,NYI,25,0,0,0
Daylan Kuefler,F,3,,UFA,NYI,22,0,0,0
Eetu Liukas,F,3,,UFA,NYI,21,0,0,0
Quinn Finley,F,3,,UFA,NYI,20,0,0,0
Alex Jefferies,F,3,,UFA,NYI,22,0,0,0
Jesse Nurmi,F,3,,UFA,NYI,19,0,0,0
Alexander Ljungkrantz,F,3,,UFA,NYI,22,0,0,0
Otto Koivula,F,3,,UFA,NYI,26,0,0,0
Brian Pinho,F,3,,UFA,NYI,29,0,0,0
Reece Newkirk,F,3,,UFA,NYI,23,0,0,0
Danny Nelson,F,3,,UFA,NYI,19,0,0,0
Cameron Berg,F,3,,UFA,NYI,22,0,0,0
Justin Gill,F,3,,UFA,NYI,21,0,0,0
William Dufour,F,3,,UFA,NYI,22,0,0,0
Matthew Maggio,F,3,,UFA,NYI,21,0,0,0
Karson Kuhlman,F,3,,UFA,NYI,28,0,0,0
Sebastian Adho,D,3,,UFA,NYI,28,0,0,0
Aidan Fulp,D,3,,UFA,NYI,24,0,0,0
Travis Mitchell,D,3,,UFA,NYI,24,0,0,0
Robin Salo,D,3,,UFA,NYI,25,0,0,0
Dennis Cholowski,D,3,,UFA,NYI,26,0,0,0
Grant Hutton,D,3,,UFA,NYI,29,0,0,0
Paul Ladue,D,3,,UFA,NYI,32,0,0,0
Calle Odelius,D,3,,UFA,NYI,20,0,0,0
Matias Rajaniemi,D,3,,UFA,NYI,22,0,0,0
Tomas Machu,D,3,,UFA,NYI,21,0,0,0
Isaiah George,D,3,,UFA,NYI,20,0,0,0
Aleksi Malinen,D,3,,UFA,NYI,21,0,0,0
Zachary Schulz,D,3,,UFA,NYI,19,0,0,0
Dennis Good Bogg,D,3,,UFA,NYI,20,0,0,0
Jakub Skarek,G,3,,UFA,NYI,24,0,0,0
Tristan Lennox,G,3,,UFA,NYI,21,0,0,0
Kenneth Appleby,G,3,,UFA,NYI,29,0,0,0
Brennan Othmann,F,A,MINOR,ZSK,NYR,21,0.5,0,0
Adam Sykora,F,3,,UFA,NYR,20,0,0,0
Brett Berard,F,3,,UFA,NYR,22,0,0,0
Bobby Trivigno,F,3,,UFA,NYR,25,0,0,0
Anton Blidh,F,3,,UFA,NYR,29,0,0,0
Maxim Barbashev,F,3,,UFA,NYR,20,0,0,0
Kalle Vaisanen,F,3,,UFA,NYR,21,0,0,0
Ty Henricks,F,3,,UFA,NYR,19,0,0,0
Ryder Korczak,F,3,,UFA,NYR,21,0,0,0
Karl Henriksson,F,3,,UFA,NYR,23,0,0,0
Jake Leschyshyn,F,3,,UFA,NYR,25,0,0,0
Turner Elson,F,3,,UFA,NYR,32,0,0,0
Bryce McConnell-Barker,F,3,,UFA,NYR,20,0,0,0
Dylan Roobroeck,F,3,,UFA,NYR,20,0,0,0
Noah Laba,F,3,,UFA,NYR,21,0,0,0
Oliver Tarnstrom,F,3,,UFA,NYR,22,0,0,0
Zakary Karpa,F,3,,UFA,NYR,22,0,0,0
Alex Belzile,F,3,,UFA,NYR,33,0,0,0
Riley Nash,F,3,,UFA,NYR,35,0,0,0
Gabriel Perreault,F,A,MINOR,BOT,NYR,19,0.5,0,0
Jaroslav Chmelar,F,3,,UFA,NYR,21,0,0,0
Brody Lamb,F,3,,UFA,NYR,21,0,0,0
Riley Hughes,F,3,,UFA,NYR,24,0,0,0
Eric Ciccolini,F,3,,UFA,NYR,23,0,0,0
Lauri Pajuniemi,F,3,,UFA,NYR,25,0,0,0
Connor Mackey,D,3,,UFA,NYR,28,0,0,0
Matthew Robertson,D,3,,UFA,NYR,23,0,0,0
Mac Hollowell,D,3,,UFA,NYR,25,0,0,0
Brandon Scanlin,D,3,,UFA,NYR,25,0,0,0
Ben Harpur,D,3,,UFA,NYR,29,0,0,0
Nikolas Brouillard,D,3,,UFA,NYR,29,0,0,0
Drew Fortescue,D,3,,UFA,NYR,19,0,0,0
Simon Kjellberg,D,3,,UFA,NYR,24,0,0,0
Victor Mancini,D,3,,UFA,NYR,22,0,0,0
Hank Kempf,D,3,,UFA,NYR,22,0,0,0
Rasmus Larsson,D,3,,UFA,NYR,20,0,0,0
Dylan Garand,G,A,MINOR,LPT,NYR,22,0.5,0,0
Talyn Boyko,G,3,,UFA,NYR,21,0,0,0
Olof Lindbom,G,3,,UFA,NYR,24,0,0,0
Hugo Ollas,G,3,,UFA,NYR,22,0,0,0
Zack Ostapchuk,F,3,,UFA,OTT,21,0,0,0
Cole Reinhardt,F,3,,UFA,OTT,24,0,0,0
Bokondji Imama,F,3,,UFA,OTT,28,0,0,0
Vitaly Abramov,F,3,,UFA,OTT,26,0.7,0,0
Alex Formenton,F,3,,UFA,OTT,25,0,0,0
Philippe Daoust,F,3,,UFA,OTT,22,0,0,0
Garrett Pilon,F,3,,UFA,OTT,26,0,0,0
Stephen Halliday,F,3,,UFA,OTT,22,0,0,0
Oliver Johansson,F,3,,UFA,OTT,21,0,0,0
Tyson Dyck,F,3,,UFA,OTT,20,0,0,0
Owen Beckner,F,3,,UFA,OTT,19,0,0,0
Egor Sokolov,F,3,,UFA,OTT,24,0,0,0
Tyler Boucher,F,3,,UFA,OTT,21,0,0,0
Josh Currie,F,3,,UFA,OTT,31,0,0,0
Oskar Pettersson,F,3,,UFA,OTT,20,0,0,0
Cameron O`Neill,F,3,,UFA,OTT,20,0,0,0
Nicholas VanTassell,F,3,,UFA,OTT,20,0,0,0
Luke Loheit,F,3,,UFA,OTT,24,0,0,0
Maxence Guenette,D,3,,UFA,OTT,23,0,0,0
Lassi Thomson,D,3,,UFA,OTT,23,0,0,0
Donovan Sebrango,D,3,,UFA,OTT,22,0,0,0
Nikolas Matinpalo,D,3,,UFA,OTT,25,0,0,0
Jacob Larsson,D,3,,UFA,OTT,27,0,0,0
Dillon Heatherington,D,3,,UFA,OTT,29,0,0,0
Filip Nordberg,D,3,,UFA,OTT,20,0,0,0
Theo Wallberg,D,3,,UFA,OTT,20,0,0,0
Tomas Hamara,D,3,,UFA,OTT,20,0,0,0
Jorian Donovan,D,3,,UFA,OTT,20,0,0,0
Hoyt Stanley,D,3,,UFA,OTT,19,0,0,0
Matthew Andonovski,D,3,,UFA,OTT,19,0,0,0
Leevi Merilainen,G,A,MINOR,GVR,OTT,22,0.5,0,0
Kevin Mandolese,G,3,,UFA,OTT,24,0,0,0
Kevin Reidler,G,3,,UFA,OTT,20,0,0,0
Vladimir Nikitin,G,3,,UFA,OTT,19,0,0,0
Elliot Desnoyers,F,3,,UFA,PHI,22,0,0,0
Santeri Sulku,F,3,,UFA,PHI,20,0,0,0
Alex Bump,F,3,,UFA,PHI,20,0,0,0
Alex Ciernik,F,3,,UFA,PHI,19,0,0,0
Tanner Laczynski,F,3,,UFA,PHI,27,0,0,0
Jon0Randall Avon,F,3,,UFA,PHI,21,0,0,0
Adam Brooks,F,3,,UFA,PHI,28,0.5,0,0
Rhett Gardner,F,3,,UFA,PHI,28,0,0,0
Cooper Marody,F,3,,UFA,PHI,27,0,0,0
Zayde Wisdom,F,3,,UFA,PHI,22,0,0,0
Denver Barkey,F,3,,UFA,PHI,19,0,0,0
Cole Knuble,F,3,,UFA,PHI,20,0,0,0
Massimo Rizzo,F,3,,UFA,PHI,23,0,0,0
Owen McLaughlin,F,3,,UFA,PHI,21,0,0,0
Ryan MacPherson,F,3,,UFA,PHI,19,0,0,0
Mikhail Vorobyev,F,3,,UFA,PHI,27,0,0,0
Wade Allison,F,3,,UFA,NSH,26,0,0,0
Alexis Gendron,F,3,,UFA,PHI,20,0,0,0
Matvei Michkov,F,A,MINOR,GVR,PHI,19,0.8,0,0
Samu Tuomaala,F,3,,UFA,PHI,21,0,0,0
Devin Kaplan,F,3,,UFA,PHI,20,0,0,0
Bryce Brodzinski,F,3,,UFA,PHI,24,0,0,0
Emil Andrae,D,3,,UFA,PHI,22,0,0,0
Helge Grans,D,3,,UFA,PHI,22,0,0,0
Will Zmolek,D,3,,UFA,PHI,25,0,0,0
Ethan Samson,D,3,,UFA,PHI,21,0,0,0
Victor Mete,D,3,,UFA,PHI,26,0,0,0
Mason Millman,D,3,,UFA,PHI,23,0,0,0
Oliver Bonk,D,3,,UFA,PHI,19,0,0,0
Carter Sotheran,D,3,,UFA,PHI,19,0,0,0
Hunter McDonald,D,3,,UFA,PHI,22,0,0,0
Brian Zanetti,D,3,,UFA,PHI,21,0,0,0
Ty Murchison,D,3,,UFA,PHI,21,0,0,0
Matteo Mann,D,3,,UFA,PHI,19,0,0,0
Ryan Ellis,D,3,,UFA,PHI,33,2.2,0,0
Aleksei Kolosov,G,3,,UFA,PHI,22,0,0,0
Carson Bjarnason,G,3,,UFA,PHI,19,0,0,0
Egor Zavragin,G,3,,UFA,PHI,19,0,0,0
Matej Tomek,G,3,,UFA,PHI,27,0,0,0
Ivan Fedotov,G,3,,UFA,PHI,27,0,0,0
Drew O`Connor,F,3,,UFA,PIT,26,0,0,0
Andreas Johnsson,F,3,,UFA,PIT,29,0.7,0,0
Rem Pitlick,F,3,,UFA,PIT,27,0,0,0
Raivis Ansons,F,3,,UFA,PIT,22,0,0,0
Dillon Hamaliuk,F,3,,UFA,PIT,23,0,0,0
Emil Jarventie,F,3,,UFA,PIT,19,0,0,0
Filip Hallander,F,3,,UFA,PIT,24,0,0,0
Kasper Bjorkqvist,F,3,,UFA,PIT,27,0,0,0
Sam Poulin,F,B,MINOR,BOT,PIT,23,0.5,0,0
Joona Koppanen,F,3,,UFA,PIT,26,0,0,0
Ty Glover,F,3,,UFA,PIT,23,0,0,0
Jordan Frasca,F,3,,UFA,PIT,23,0,0,0
Brayden Yager,F,3,,UFA,PIT,19,0,0,0
Tristan Broz,F,3,,UFA,PIT,21,0,0,0
Zam Plante,F,3,,UFA,PIT,20,0,0,0
Luke Devlin,F,3,,UFA,PIT,20,0,0,0
Cooper Foster,F,3,,UFA,PIT,19,0,0,0
Chase Yoder,F,3,,UFA,PIT,22,0,0,0
Kirill Tankov,F,3,,UFA,PIT,22,0,0,0
Lukas Svejkovsky,F,3,,UFA,PIT,22,0,0,0
Corey Andonovski,F,3,,UFA,PIT,25,0,0,0
Marc Johnstone,F,3,,UFA,PIT,28,0,0,0
Mikhail Ilyin,F,3,,UFA,PIT,19,0,0,0
Ty Smith,D,C,MINOR,JHN,CAR,24,0.5,0,0
Isaac Belliveau,D,3,,UFA,PIT,21,0,0,0
Xavier Ouellet,D,3,,UFA,PIT,31,0,0,0
Will Butcher,D,3,,UFA,PIT,29,0.9,0,0
Taylor Fedun,D,3,,UFA,PIT,36,0,0,0
Owen Pickering,D,3,,UFA,PIT,20,0,0,0
Emil Pieniniemi,D,3,,UFA,PIT,19,0,0,0
Nolan Collins,D,3,,UFA,PIT,20,0,0,0
Daniel Laatsch,D,3,,UFA,PIT,22,0,0,0
Kalle Kangas,D,3,,UFA,PIT,19,0,0,0
Thimo Nickl,D,3,,UFA,PIT,22,0,0,0
Joseph Masonius,D,3,,UFA,PIT,27,0,0,0
Joel Blomqvist,G,A,MINOR,BOT,PIT,22,0.5,0,0
Taylor Gauthier,G,3,,UFA,PIT,23,0,0,0
Sergey Murashov,G,3,,UFA,PIT,20,0,0,0
Filip Lindberg,G,3,,UFA,PIT,25,0,0,0
Oskar Lindblom,F,3,,UFA,SJS,28,0.8,0,0
Quentin Musty,F,A,MINOR,LGN,SJS,19,0.5,0,0
Yegor Rimashevskiy,F,3,,UFA,SJS,19,0,0,0
Jacob Peterson,F,3,,UFA,SJS,25,0,0,0
Tristen Robins,F,3,,UFA,SJS,22,0,0,0
Ethan Cardwell,F,3,,UFA,SJS,22,0,0,0
Nathan Todd,F,3,,UFA,SJS,28,0,0,0
Will Smith,F,A,MINOR,VPP,SJS,19,0.8,0,0
Filip Bystedt,F,3,,UFA,SJS,20,0,0,0
Cameron Lund,F,3,,UFA,SJS,20,0,0,0
Brandon Svoboda,F,3,,UFA,SJS,19,0,0,0
Alex Young,F,3,,UFA,SJS,23,0,0,0
Theo Jacobsson,F,3,,UFA,SJS,21,0,0,0
David Klee,F,3,,UFA,SJS,19,0,0,0
Reese Laubach,F,3,,UFA,SJS,20,0,0,0
Yegor Spiridonov,F,3,,UFA,SJS,23,0,0,0
Sasha Chmelevski,F,3,,UFA,SJS,25,0.5,0,0
Adam Raska,F,3,,UFA,SJS,22,0,0,0
Daniil Gushchin,F,3,,UFA,SJS,22,0,0,0
Brandon Coe,F,3,,UFA,SJS,22,0,0,0
Mitchell Russell,F,3,,UFA,SJS,23,0,0,0
Ozzy Wiesblatt,F,3,,UFA,SJS,22,0,0,0
Scott Sabourin,F,3,,UFA,SJS,32,0,0,0
Kasper Halttunen,F,3,,UFA,SJS,19,0,0,0
Joey Muldowney,F,3,,UFA,SJS,20,0,0,0
Timofey Spitserov,F,3,,UFA,SJS,22,0,0,0
Martin Kaut,F,3,,UFA,SJS,24,0,0,0
Matt Benning,D,3,,UFA,SJS,30,0,0,0
Leon Gawanke,D,3,,UFA,SJS,25,0,0,0
Valtteri Pulli,D,3,,UFA,SJS,23,0,0,0
Gannon Laroque,D,3,,UFA,SJS,21,0,0,0
Artem Guryev,D,3,,UFA,SJS,21,0,0,0
Nick Cicek,D,3,,UFA,SJS,24,0,0,0
Radim Simek,D,3,,UFA,DET,31,0,0,0
Mattias Havelid,D,3,,UFA,SJS,20,0,0,0
Evgenii Kashnikov,D,3,,UFA,SJS,21,0,0,0
Jake Furlong,D,3,,UFA,SJS,20,0,0,0
Eli Barnett,D,3,,UFA,SJS,20,0,0,0
Luca Cagnoni,D,3,,UFA,SJS,19,0,0,0
Michael Fisher,D,3,,UFA,SJS,20,0,0,0
Axel Landen,D,3,,UFA,SJS,19,0,0,0
Eric Pohlkamp,D,3,,UFA,SJS,20,0,0,0
Eetu Makiniemi,G,3,,UFA,SJS,25,0,0,0
Georgi Romanov,G,3,,UFA,SJS,24,0,0,0
Mason Beaupit,G,3,,UFA,SJS,20,0,0,0
Marian Studenic,F,3,,UFA,SEA,25,0,0,0
Max McCormick,F,3,,UFA,SEA,32,0,0,0
Cameron Hughes,F,3,,UFA,SEA,27,0,0,0
Justin Janicke,F,3,,UFA,SEA,21,0,0,0
Kyle Jackson,F,3,,UFA,SEA,21,0,0,0
Logan Morrison,F,3,,UFA,SEA,22,0,0,0
Ryan Winterton,F,3,,UFA,SEA,21,0,0,0
Ville Petman,F,3,,UFA,SEA,24,0,0,0
Andrew Poturalski,F,3,,UFA,SEA,30,0,0,0
Luke Henman,F,3,,UFA,SEA,24,0,0,0
Tucker Robertson,F,3,,UFA,SEA,21,0,0,0
David Goyette,F,3,,UFA,SEA,20,0,0,0
Oscar Fisker Molgaard,F,3,,UFA,SEA,19,0,0,0
Carson Rehkopf,F,3,,UFA,SEA,19,0,0,0
Ben MacDonald,F,3,,UFA,SEA,20,0,0,0
Barrett Hall,F,3,,UFA,SEA,20,0,0,0
Zeb Forsfjall,F,3,,UFA,SEA,19,0,0,0
Kole Lind,F,3,,UFA,SEA,25,0,0,0
Jacob Melanson,F,3,,UFA,SEA,21,0,0,0
John Hayden,F,3,,UFA,SEA,29,0,0,0
Jani Nyman,F,3,,UFA,SEA,20,0,0,0
Jagger Firkus,F,3,,UFA,SEA,20,0,0,0
Eduard Sale,F,3,,UFA,SEA,19,0,0,0
Andrei Loshko,F,3,,UFA,SEA,19,0,0,0
Zaccharya Wisdom,F,3,,UFA,SEA,20,0,0,0
Cale Fleury,D,3,,UFA,SEA,25,0,0,0
Ville Ottavainen,D,3,,UFA,SEA,22,0,0,0
Peetro Seppala,D,3,,UFA,SEA,24,0,0,0
Gustav Olofsson,D,3,,UFA,SEA,29,0,0,0
Connor Carrick,D,3,,UFA,SEA,30,0,0,0
Jimmy Schuldt,D,3,,UFA,SEA,29,0,0,0
Ty Nelson,D,3,,UFA,SEA,20,0,0,0
Lukas Dragicevic,D,3,,UFA,SEA,19,0,0,0
Caden Price,D,3,,UFA,SEA,19,0,0,0
Tyson Jugnauth,D,3,,UFA,SEA,20,0,0,0
Kaden Hammell,D,3,,UFA,SEA,19,0,0,0
Ales Stezka,G,3,,UFA,SEA,27,0,0,0
Niklas Kokko,G,3,,UFA,SEA,20,0,0,0
Semyon Vyazovoi,G,3,,UFA,SEA,21,0,0,0
Visa Vedenpaa,G,3,,UFA,SEA,19,0,0,0
Hugh McGing,F,3,,UFA,STL,26,0,0,0
Matthew Peca,F,3,,UFA,STL,31,0,0,0
Ivan Vorobyov,F,3,,UFA,STL,22,0,0,0
Juraj Pekarcik,F,3,,UFA,STL,19,0,0,0
Zach Dean,F,3,,UFA,STL,21,0,0,0
Zachary Bolduc,F,A,MINOR,LGN,STL,21,0.5,0,0
Mikhail Abramov,F,3,,UFA,STL,23,0,0,0
Tanner Dickinson,F,3,,UFA,STL,22,0,0,0
Keean Washkurak,F,3,,UFA,STL,23,0,0,0
Andre Heim,F,3,,UFA,STL,26,0,0,0
Adam Gaudette,F,3,,UFA,STL,27,0,0,0
Dalibor Dvorsky,F,A,MINOR,JHN,STL,19,0.7,0,0
Otto Stenberg,F,3,,UFA,STL,19,0,0,0
Aleksanteri Kaskimaki,F,3,,UFA,STL,20,0,0,0
Dylan Peterson,F,3,,UFA,STL,22,0,0,0
Landon Sim,F,3,,UFA,STL,20,0,0,0
Jakub Stancl,F,3,,UFA,STL,19,0,0,0
Mathias Laferriere,F,3,,UFA,STL,24,0,0,0
William Bitten,F,3,,UFA,STL,26,0,0,0
Jimmy Snuggerud,F,A,MINOR,LGN,STL,20,0.6,0,0
Simon Robertsson,F,3,,UFA,STL,21,0,0,0
Nikita Susuyev,F,3,,UFA,STL,19,0,0,0
Robert Bortuzzo,D,3,,UFA,NYI,35,0,0,0
Leo Loof,D,3,,UFA,STL,22,0,0,0
Marc0Andre Gaudet,D,3,,UFA,STL,21,0,0,0
Anton Malmstrom,D,3,,UFA,STL,24,0,0,0
Jeremie Biakabutuka,D,3,,UFA,STL,22,0,0,0
Josh Jacobs,D,3,,UFA,STL,28,0,0,0
Wyatt Kalynuk,D,3,,UFA,STL,27,0,0,0
Hunter Skinner,D,3,,UFA,STL,23,0,0,0
Michael Buchinger,D,3,,UFA,STL,20,0,0,0
Theo Lindstein,D,3,,UFA,STL,19,0,0,0
Noah Beck,D,3,,UFA,STL,23,0,0,0
Arseni Koromyslov,D,3,,UFA,STL,20,0,0,0
Quinton Burns,D,3,,UFA,STL,19,0,0,0
Paul Fischer,D,3,,UFA,STL,19,0,0,0
Matthew Mayich,D,3,,UFA,STL,19,0,0,0
Vadim Zherenko,G,3,,UFA,STL,23,0,0,0
Malcolm Subban,G,3,,UFA,STL,30,0.6,0,0
Colten Ellis,G,3,,UFA,STL,23,0,0,0
Will Cranley,G,3,,UFA,STL,22,0,0,0
Jaydon Dureau,F,3,,UFA,TBL,23,0,0,0
Bennett MacArthur,F,3,,UFA,TBL,23,0,0,0
Isaac Howard,F,3,,UFA,TBL,20,0,0,0
Robert Flinton,F,3,,UFA,TBL,21,0,0,0
McKade Webster,F,3,,UFA,TBL,24,0,0,0
Jack Harvey,F,3,,UFA,TBL,21,0,0,0
Mikhail Shalagin,F,3,,UFA,TBL,25,0,0,0
Gabriel Fortier,F,3,,UFA,TBL,24,0,0,0
Jack Finley,F,3,,UFA,TBL,22,0,0,0
Gage Goncalves,F,3,,UFA,TBL,23,0,0,0
Felix Robert,F,3,,UFA,TBL,25,0,0,0
Logan Brown,F,3,,UFA,TBL,26,0.6,0,0
Ilya Usau,F,3,,UFA,TBL,23,0,0,0
Dylan Duke,F,3,,UFA,TBL,21,0,0,0
Jayson Shaugabay,F,3,,UFA,TBL,19,0,0,0
Klavs Veinbergs,F,3,,UFA,TBL,21,0,0,0
Ethan Hay,F,3,,UFA,TBL,19,0,0,0
Simon Ryfors,F,3,,UFA,TBL,27,0,0,0
Josh Archibald,F,3,,UFA,TBL,31,0,0,0
Lucas Edmonds,F,3,,UFA,TBL,23,0,0,0
Maxim Groshev,F,3,,UFA,TBL,22,0,0,0
Niko Huuhtanen,F,3,,UFA,TBL,21,0,0,0
Ethan Gauthier,F,3,,UFA,TBL,19,0,0,0
Nick Capone,F,3,,UFA,TBL,22,0,0,0
Connor Kurth,F,3,,UFA,TBL,21,0,0,0
Roman Schmidt,D,3,,UFA,TBL,21,0,0,0
Max Crozier,D,3,,UFA,TBL,24,0,0,0
Jack Thompson,D,3,,UFA,SJS,22,0,0,0
Declan Carlile,D,3,,UFA,TBL,24,0,0,0
Philippe Myers,D,3,,UFA,TBL,27,0.6,0,0
Sean Day,D,3,,UFA,TBL,26,0,0,0
Daniil Pylenkov,D,3,,UFA,TBL,23,0,0,0
Dyllan Gill,D,3,,UFA,TBL,20,0,0,0
Eamon Powell,D,3,,UFA,TBL,22,0,0,0
Alex Gagne,D,3,,UFA,TBL,22,0,0,0
Warren Clark,D,3,,UFA,TBL,20,0,0,0
Brent Seabrook,D,3,,UFA,TBL,39,0.5,0,0
Hugo Alnefelt,G,B,MINOR,BOT,TBL,23,0.5,0,0
Nick Malik,G,3,,UFA,TBL,22,0,0,0
Ty Taylor,G,3,,UFA,TBL,25,0,0,0
Nicholas Abruzzese,F,3,,UFA,TOR,25,0,0,0
Dmitry Ovchinnikov,F,3,,UFA,TOR,22,0,0,0
Kyle Clifford,F,3,,UFA,TOR,33,0,0,0
Brandon Lisowsky,F,3,,UFA,TOR,20,0,0,0
Nikita Grebyonkin,F,3,,UFA,TOR,21,0,0,0
Nikolai Chebykin,F,3,,UFA,TOR,27,0,0,0
Ty Voit,F,3,,UFA,TOR,21,0,0,0
Roni Hirvonen,F,3,,UFA,TOR,22,0,0,0
Ryan Tverberg,F,3,,UFA,TOR,22,0,0,0
Braeden Kressler,F,3,,UFA,TOR,21,0,0,0
Dylan Gambrell,F,3,,UFA,TOR,28,0,0,0
Fraser Minten,F,3,,UFA,TOR,20,0,0,0
Joe Miller,F,3,,UFA,TOR,22,0,0,0
Easton Cowan,F,3,,UFA,TOR,19,0,0,0
Nicholas Moldenhauer,F,3,,UFA,TOR,20,0,0,0
Hudson Malinoski,F,3,,UFA,TOR,20,0,0,0
Wyatt Schingoethe,F,3,,UFA,TOR,22,0,0,0
Semyon Der-Arguchintsev,F,3,,UFA,TOR,24,0,0,0
Alex Steeves,F,3,,UFA,TOR,24,0,0,0
Max Ellis,F,3,,UFA,TOR,24,0,0,0
Veeti Miettinen,F,3,,UFA,TOR,22,0,0,0
Vladislav Kara,F,3,,UFA,TOR,26,0,0,0
Vladimir Bobylyov,F,3,,UFA,TOR,27,0,0,0
Semyon Kizimov,F,3,,UFA,TOR,24,0,0,0
T.J. Brodie,D,3,,UFA,TOR,34,0.6,0,0
William Villeneuve,D,3,,UFA,TOR,22,0,0,0
Topi Niemela,D,A,MINOR,LPT,TOR,22,0.5,0,0
Mikko Kokkonen,D,3,,UFA,TOR,23,0,0,0
Maxime Lajoie,D,3,,UFA,TOR,26,0,0,0
Marshall Rifai,D,3,,UFA,TOR,26,0,0,0
Noah Chadwick,D,3,,UFA,TOR,19,0,0,0
Mike Koster,D,3,,UFA,TOR,23,0,0,0
John Fusco,D,3,,UFA,TOR,23,0,0,0
Jake Muzzin,D,3,,UFA,TOR,35,0.5,0,0
Dennis Hildeby,G,3,,UFA,TOR,23,0,0,0
Vyacheslav Peksa,G,3,,UFA,TOR,22,0,0,0
Keith Petruzzelli,G,3,,UFA,TOR,25,0,0,0
Artur Akhtyamov,G,3,,UFA,TOR,22,0,0,0
Josh Bloom,F,3,,UFA,VAN,21,0,0,0
Aidan McDonough,F,3,,UFA,VAN,24,0,0,0
Arshdeep Bains,F,3,,UFA,VAN,23,0,0,0
Vilmer Alriksson,F,3,,UFA,VAN,19,0,0,0
Karel Plasek,F,3,,UFA,VAN,24,0,0,0
Aatu Raty,F,A,MINOR,VPP,VAN,21,0.6,0,0
Max Sasson,F,3,,UFA,VAN,24,0,0,0
Danila Klimovich,F,3,,UFA,VAN,21,0,0,0
Linus Karlsson,F,3,,UFA,VAN,24,0,0,0
Sheldon Dries,F,3,,UFA,VAN,30,0,0,0
Tristen Nielsen,F,3,,UFA,VAN,24,0,0,0
Daimon Gardner,F,3,,UFA,VAN,20,0,0,0
Ty Mueller,F,3,,UFA,VAN,21,0,0,0
Dmitry Zlodeyev,F,3,,UFA,VAN,22,0,0,0
Jackson Kunz,F,3,,UFA,VAN,22,0,0,0
Matthew Perkins,F,3,,UFA,VAN,20,0,0,0
Dmitry Zhukenov,F,3,,UFA,VAN,27,0,0,0
Jonathan Lekkerimaki,F,A,MINOR,VPP,VAN,20,0.5,0,0
Lucas Forsell,F,3,,UFA,VAN,21,0,0,0
Jack Malone,F,3,,UFA,VAN,23,0,0,0
Artyom Manukyan,F,3,,UFA,VAN,26,0,0,0
Vitali Kravtsov,F,C,MINOR,BOT,VAN,24,0.8,0,0
Lukas Jasek,F,3,,UFA,VAN,27,0,0,0
Akito Hirose,D,3,,UFA,VAN,25,0,0,0
Tucker Poolman,D,3,,UFA,VAN,31,0,0,0
Cole McWard,D,3,,UFA,VAN,23,0,0,0
Jett Woo,D,3,,UFA,VAN,24,0,0,0
Filip Johansson,D,3,,UFA,VAN,24,0,0,0
Matt Irwin,D,3,,UFA,VAN,36,0,0,0
Guillaume Brisebois,D,3,,UFA,VAN,27,0,0,0
Christian Wolanin,D,3,,UFA,VAN,29,0,0,0
Jack Rathbone,D,3,,UFA,VAN,25,0,0,0
Tom Willander,D,3,,UFA,VAN,19,0,0,0
Elias Pettersson,D,3,,UFA,VAN,20,0,0,0
Jacob Truscott,D,3,,UFA,VAN,22,0,0,0
Kirill Kudryavtsev,D,3,,UFA,VAN,20,0,0,0
Hunter Brzustewicz,D,3,,UFA,CGY,19,0,0,0
Joni Jurmo,D,3,,UFA,VAN,22,0,0,0
Jackson Dorrington,D,3,,UFA,VAN,20,0,0,0
Sawyer Mynio,D,3,,UFA,VAN,19,0,0,0
Viktor Persson,D,3,,UFA,VAN,22,0,0,0
Hugo Gabrielson,D,3,,UFA,VAN,21,0,0,0
Aiden Celebrini,D,3,,UFA,VAN,19,0,0,0
Nikita Tolopilo,G,3,,UFA,VAN,24,0,0,0
Zach Sawchenko,G,3,,UFA,VAN,26,0,0,0
Aku Koskenvuo,G,3,,UFA,VAN,21,0,0,0
Ty Young,G,3,,UFA,VAN,20,0,0,0
Matthew Thiessen,G,3,,UFA,VAN,24,0,0,0
Jakub Brabenec,F,3,,UFA,VGK,21,0,0,0
Mason Geertsen,F,3,,UFA,VGK,29,0,0,0
Marcus Kallionkieli,F,3,,UFA,VGK,23,0,0,0
Martins Dzierkals,F,3,,UFA,VGK,27,0,0,0
Gage Quinney,F,3,,UFA,VGK,29,0,0,0
Mason Primeau,F,3,,UFA,VGK,23,0,0,0
Matyas Sapovaliv,F,3,,UFA,VGK,20,0,0,0
David Edstrom,F,3,,UFA,SJS,19,0,0,0
Jackson Hallum,F,3,,UFA,VGK,22,0,0,0
Jordan Gustafson,F,3,,UFA,VGK,20,0,0,0
Patrick Guay,F,3,,UFA,VGK,22,0,0,0
Ryder Donovan,F,3,,UFA,VGK,23,0,0,0
Ivan Morozov,F,3,,UFA,VGK,24,0,0,0
Jakub Demek,F,3,,UFA,VGK,21,0,0,0
Ben Hemmerling,F,3,,UFA,VGK,20,0,0,0
Mathieu Cataford,F,3,,UFA,VGK,19,0,0,0
Tuomas Uronen,F,3,,UFA,VGK,19,0,0,0
Christoffer Sedoff,D,3,,UFA,VGK,22,0,0,0
Joe Fleming,D,3,,UFA,VGK,21,0,0,0
Daniil Chayka,D,3,,UFA,VGK,21,0,0,0
Layton Ahac,D,3,,UFA,VGK,23,0,0,0
Dysin Mayo,D,3,,UFA,VGK,28,0,0,0
Arttu Karki,D,3,,UFA,VGK,19,0,0,0
Artur Cholach,D,3,,UFA,VGK,21,0,0,0
Noah Ellis,D,3,,UFA,VGK,22,0,0,0
Abram Wiebe,D,3,,UFA,VGK,21,0,0,0
Jesper Vikman,G,3,,UFA,VGK,22,0,0,0
Isaiah Saville,G,3,,UFA,VGK,23,0,0,0
Carl Lindbom,G,3,,UFA,VGK,21,0,0,0
Cameron Whitehead,G,3,,UFA,VGK,21,0,0,0
Robin Lehner,G,3,,UFA,VGK,33,6,0,0
Alexander Suzdalev,F,3,,UFA,WSH,20,0,0,0
Bogdan Trineyev,F,3,,UFA,WSH,22,0,0,0
Andrew Cristall,F,A,MINOR,BOT,WSH,19,0.5,0,0
Brett Hyland,F,3,,UFA,WSH,21,0,0,0
Ethen Frank,F,3,,UFA,WSH,26,0,0,0
Alex Limoges,F,3,,UFA,WSH,26,0,0,0
Ryan Hofer,F,3,,UFA,WSH,22,0,0,0
Ludwig Persson,F,3,,UFA,WSH,20,0,0,0
Patrick Thomas,F,3,,UFA,WSH,20,0,0,0
Oskar Magnusson,F,3,,UFA,WSH,22,0,0,0
Haakon Hanelt,F,3,,UFA,WSH,21,0,0,0
Jake Karabela,F,3,,UFA,WSH,20,0,0,0
Henrik Borgstrom,F,3,,UFA,WSH,27,0.5,0,0
Joe Snively,F,3,,UFA,WSH,28,0,0,0
Riley Sutter,F,3,,UFA,WSH,24,0,0,0
Henry Rybinski,F,3,,UFA,WSH,23,0,0,0
Pierrick Dube,F,3,,UFA,WSH,23,0,0,0
Ryan Leonard,F,A,MINOR,LPT,WSH,19,0.8,0,0
Damien Riat,F,3,,UFA,WSH,27,0,0,0
Vincent Iorio,D,3,,UFA,WSH,21,0,0,0
Chase Priskie,D,3,,UFA,WSH,28,0,0,0
Ryan Chesley,D,3,,UFA,WSH,20,0,0,0
Brent Johnson,D,3,,UFA,WSH,21,0,0,0
Cameron Allen,D,3,,UFA,WSH,19,0,0,0
Joaquim Lemay,D,3,,UFA,WSH,22,0,0,0
David Gucciardi,D,3,,UFA,WSH,21,0,0,0
Tobias Geisser,D,3,,UFA,WSH,25,0,0,0
Mitchell Gibson,G,3,,UFA,WSH,25,0,0,0
Clay Stevenson,G,3,,UFA,WSH,25,0,0,0
GUTHn Bjorklund,G,3,,UFA,WSH,22,0,0,0
Chase Clark,G,3,,UFA,WSH,22,0,0,0
Antoine Keller,G,3,,UFA,WSH,19,0,0,0
Daniel Torgersson,F,3,,UFA,WPG,22,0,0,0
Jeffrey Viel,F,3,,UFA,WPG,27,0,0,0
Jeff Malott,F,3,,UFA,WPG,28,0,0,0
Colby Barlow,F,A,MINOR,VPP,WPG,19,0.5,0,0
Chaz Lucius,F,A,MINOR,VPP,WPG,21,0.5,0,0
Danny Zhilkin,F,3,,UFA,WPG,20,0,0,0
Parker Ford,F,3,,UFA,WPG,24,0,0,0
Kristian Reichel,F,3,,UFA,WPG,26,0,0,0
Wyatt Bongiovanni,F,3,,UFA,WPG,25,0,0,0
Henri Nikkanen,F,3,,UFA,WPG,23,0,0,0
Rutger McGroarty,F,3,,UFA,WPG,20,0,0,0
Fabian Wagner,F,3,,UFA,WPG,20,0,0,0
Jacob Julien,F,3,,UFA,WPG,20,0,0,0
Harrison Blaisdell,F,3,,UFA,WPG,23,0,0,0
Austin Wong,F,3,,UFA,WPG,24,0,0,0
Pavel Kraskovsky,F,3,,UFA,WPG,28,0,0,0
Dmitri Rashevsky,F,3,,UFA,WPG,23,0,0,0
Connor Levis,F,3,,UFA,WPG,19,0,0,0
Zach Nehring,F,3,,UFA,WPG,19,0,0,0
Kristian Vesalainen,F,3,,UFA,WPG,25,0.5,0,0
Kyle Capobianco,D,3,,UFA,WPG,27,0,0,0
Ville Heinola,D,3,,UFA,WPG,23,0.5,0,0
Simon Lundmark,D,3,,UFA,WPG,23,0,0,0
Dmitry Kuzmin,D,3,,UFA,WPG,21,0,0,0
Artemi Kniazev,D,3,,UFA,WPG,23,0,0,0
Tyrel Bauer,D,3,,UFA,WPG,22,0,0,0
Ashton Sautner,D,3,,UFA,WPG,30,0,0,0
Elias Salomonsson,D,3,,UFA,WPG,20,0,0,0
Garrett Brown,D,3,,UFA,WPG,20,0,0,0
Anton Johannesson,D,3,,UFA,WPG,22,0,0,0
Collin Delia,G,3,,UFA,WPG,30,0.5,0,0
Oskari Salminen,G,3,,UFA,WPG,24,0,0,0
Domenic DiVincentiis,G,3,,UFA,WPG,20,0,0,0
Thomas Milic,G,3,,UFA,WPG,21,0,0,0
Logan Neaton,G,3,,UFA,WPG,25,0,0,0
Tyler Parsons,G,3,,UFA,UFA,26,0.5,0,0
Colton Point,G,3,,UFA,UFA,26,0.5,0,0
Ilya Konovalov,G,E,MINOR,GVR,UFA,26,0.5,0,0
Ian Scott,G,D,MINOR,GVR,UFA,25,0.5,0,0
Olli Juolevi,D,3,,UFA,UFA,26,0.8,0,0
Colin White,F,3,,UFA,PIT,27,0.5,0,0
Kieffer Bellows,F,3,,UFA,UFA,26,0.5,0,0
Ryan Merkley,D,C,MINOR,BOT,UFA,24,0.5,0,0
Nolan Patrick,F,3,,UFA,UFA,25,0.9,0,0
